Workbook
Name Beállítás_Egység_Idő_WEB_Conect: Beállítások!$B$35
Name Beállítas_Kalkulator_WEB_Conect: Beállítások!$B$28
Name Beállítás_Megrendelo_WEB_Conect: Beállítások!$B$21
Name Folyamt_Festés_Tipus_Név: 'Folyamatok Alap'!$D$2
Name Folyamt_Fóliázás_Tipus_Név: 'Folyamatok Alap'!$D$1
Name Ma: TODAY()
Name MappaNevAlmappa: [1]Beállítások!$B$10
Name MappaNevAlmappa: Beállítások!$B$11
Name MappaNevGyoker: Beállítások!$B$7
Name Project_Start: 'Gantt diagram'!$I$1
Name Project_Start: Humánerő!$L$1
Name Project_Start: Munkaidő!$L$1
Name Project_Start: Tervezettidő!$L$1
Name Projekt_Deadline: 'Folyamatok tervezése'!$F$1
Name Projekt_File_Név: Beállítások!$B$3
Name Projekt_Név: Beállítások!$B$2
Name Projekt_Start_Date: 'Folyamatok tervezése'!$D$1
Name Projekt_Szám: [1]Beállítások!$B$1
Name Projekt_Szám: Beállítások!$B$1
Name Scrolling_Increment: 'Gantt diagram'!$N$1
Name Scrolling_Increment: Humánerő!$Q$1
Name Scrolling_Increment: Munkaidő!$Q$1
Name Scrolling_Increment: Tervezettidő!$Q$1
Name verzioSzam: Beállítások!$B$4

Sheet Beállítások
A1: Projekt Szám: | B1: {=INDEX(_xlfn.TEXTSPLIT(Projekt_File_Név," - "),,1)} -> ProjektSzám
A2: Projekt Név: | B2: {=INDEX(_xlfn.TEXTSPLIT(Projekt_File_Név," - "),,2)} -> ProjektNév
A3: Projekt file név | B3: {=MID(CELL("filename", A1), SEARCH("[", CELL("filename", A1)) + 1, SEARCH("]",CELL("filename", A1))-SEARCH("[", CELL("filename", A1))-1)} -> ProjektSzám - ProjektNév - 02 - Folyamatok.xlsm
A4: Munkafüzet Verzió: | B4: 00.0.01
A6: Alap:
A7: Győkér mappa név: | B7: https://doorstarkft.sharepoint.com/sites/Gyartas-Dokumentumok/Megosztott dokumentumok/
A9: File adatai:
A10: File Jelenlegi helye: | B10: {=CELL("filename", A10)} -> https://doorstarkft.sharepoint.com/sites/Gyartas-Dokumentumok/Megosztott dokumentumok/Sablon Mappa/ProjektSzám - ProjektNév másolata/Dokumentumok/Táblázatok/[ProjektSzám - ProjektNév - 02 - Folyamatok.xlsm]Beállítások
A11: Almappa: | B11: {=MID(CELL("filename", A1), SEARCH(MappaNevGyoker, CELL("filename", A1)) + LEN(MappaNevGyoker), SEARCH("[",CELL("filename", A1))-(SEARCH(MappaNevGyoker, CELL("filename", A1)) + LEN(MappaNevGyoker))-1)} -> Sablon Mappa/ProjektSzám - ProjektNév másolata/Dokumentumok/Táblázatok
A12: Relatív Almappa: | B12: /Dokumentumok/Táblázatok
A13: File Név Utótag: | B13: - Kiíró.xlsm
A14: File Elnevezése: | B14: {=MID(CELL("filename", $A$1), SEARCH("[", CELL("filename", $A$1)) + 1, SEARCH("]",CELL("filename", $A$1))-SEARCH("[", CELL("filename", $A$1))-1)} -> ProjektSzám - ProjektNév - 02 - Folyamatok.xlsm
A16: "GYM_Összes" Forrás file adatai:
A17: Forrásfile Név Előtag: | B17: =_xlfn.TEXTJOIN(" - ",TRUE,Projekt_Szám,Projekt_Név) -> ProjektSzám - ProjektNév
A18: Forrásfile Név Utótag: | B18: - Gyartasmegrendelő.xlsm
A19: Almappa: | B19: =_xlfn.TEXTBEFORE(B11,B12) -> Sablon Mappa/ProjektSzám - ProjektNév másolata
A20: Forrásfile Elnevezése: | B20: =B17 & B18 -> ProjektSzám - ProjektNév - Gyartasmegrendelő.xlsm
A21: Forrásfile Helye: | B21: =MappaNevGyoker & B19 & "/" & B20 -> https://doorstarkft.sharepoint.com/sites/Gyartas-Dokumentumok/Megosztott dokumentumok/Sablon Mappa/ProjektSzám - ProjektNév másolata/ProjektSzám - ProjektNév - Gyartasmegrendelő.xlsm
A23: "Kalkulátor" Forrás file adatai:
A24: Forrásfile Név Előtag: | B24: =_xlfn.TEXTJOIN(" - ",TRUE,Projekt_Szám,Projekt_Név) -> ProjektSzám - ProjektNév
A25: Forrásfile Név Utótag: | B25: - 01 - Kalkulátor.xlsm
A26: Almappa: | B26: =MappaNevAlmappa -> Sablon Mappa/ProjektSzám - ProjektNév másolata/Dokumentumok/Táblázatok
A27: Forrásfile Elnevezése: | B27: =B24 & B25 -> ProjektSzám - ProjektNév - 01 - Kalkulátor.xlsm
A28: Forrásfile Helye: | B28: =MappaNevGyoker & B26 & "/" & B27 -> https://doorstarkft.sharepoint.com/sites/Gyartas-Dokumentumok/Megosztott dokumentumok/Sablon Mappa/ProjektSzám - ProjektNév másolata/Dokumentumok/Táblázatok/ProjektSzám - ProjektNév - 01 - Kalkulátor.xlsm
A30: "Egység idő" Forrás file adatai:
A31: Forrásfile Név Előtag: | B31: Egység_idő
A32: Forrásfile Név Utótag: | B32: .xlsx
A33: Almappa: | B33: 10 - Adatok
A34: Forrásfile Elnevezése: | B34: =_xlfn.TEXTJOIN("",TRUE,B31,B32) -> Egység_idő.xlsx
A35: Forrásfile Helye: | B35: =MappaNevGyoker & B33 & "/" & B34 -> https://doorstarkft.sharepoint.com/sites/Gyartas-Dokumentumok/Megosztott dokumentumok/10 - Adatok/Egység_idő.xlsx

Sheet Projekt adatok
A1: Sorszám | B1: Prioritás | C1: Cím | D1: Telefonszám | E1: Szám | F1: Név | G1: Megjegyzés | H1: Start Date | I1: Dedline
A2: 1 | B2: 1 | D2: 06707082235 Bogdán Csaba | E2: =IF(Projekt_Szám = 0,"",Projekt_Szám) -> ProjektSzám | F2: =IF(Projekt_Név = 0,"",Projekt_Név) -> ProjektNév | H2: 45823 | I2: 45840

Sheet AlapAdatok
A1: DSMR | B1: Sorszám | C1: Ajtó Menyisége | D1: Ajtó megnevezése | E1: Ajtó Falnyilás Szélessége | F1: Ajtó Szélesség | G1: Ajtó Falnyilás Magassága | H1: Ajtó Hosszúság | I1: Ajtó Falnyilás Vastagság | J1: Ajtó Vastagság | K1: Ajtó Tipus | L1: Ajtó Nyitás | M1: Pánt 3 db Ajtólap Szélesség Feltétel | N1: Pánt 3 db Ajtólap Magasság Feltétel
A2: ProjektSzám | B2: 01
A3: ProjektSzám | B3: 02
A4: ProjektSzám | B4: 03
A5: ProjektSzám | B5: 04
A6: ProjektSzám | B6: 05
A7: ProjektSzám | B7: 06
A8: ProjektSzám | B8: 07
A9: ProjektSzám | B9: 08
A10: ProjektSzám | B10: 09
A11: ProjektSzám | B11: 10
A12: ProjektSzám | B12: 11
A13: ProjektSzám | B13: 12
... A41: ProjektSzám | B41: 40

Sheet Szabászat
A1: DSMR | B1: Sorszám | C1: Hosszúság | D1: Szélesség | E1: Darab | F1: Név | G1: Megjegyzés | H1: Tipus | I1: Alkatrész Megnevezése | J1: Anyag | K1: Vastagság | L1: Felület tipus | M1: Szín | N1: Minta | O1: Column1
A2: ProjektSzám | B2: 01 | C2: 0.2 | D2: 0.2 | E2: 1 | H2: Egyedi Bútorfront | I2: Bútorfront | J2: EOL Mély MDF | K2: 1.8
A3: ProjektSzám | B3: 02 | C3: 0.2 | D3: 0.2 | E3: 1 | H3: Egyedi Bútorfront | I3: Bútorfront | J3: EOL Mély MDF | K3: 1.8
A4: ProjektSzám | B4: 03 | C4: 0.2 | D4: 0.2 | E4: 1 | H4: Egyedi Bútorfront | I4: Bútorfront | J4: EOL Mély MDF | K4: 1.8
A5: ProjektSzám | B5: 04 | C5: 0.2 | D5: 0.2 | E5: 1 | H5: Egyedi Bútorfront | I5: Bútorfront | J5: EOL Mély MDF | K5: 1.8
A6: ProjektSzám | B6: 05 | C6: 0.2 | D6: 0.2 | E6: 1 | H6: Egyedi Bútorfront | I6: Bútorfront | J6: EOL Mély MDF | K6: 1.8
A7: ProjektSzám | B7: 06 | C7: 0.2 | D7: 0.2 | E7: 1 | H7: Egyedi Bútorfront | I7: Bútorfront | J7: EOL Mély MDF | K7: 1.8
A8: ProjektSzám | B8: 07 | C8: 0.2 | D8: 0.2 | E8: 1 | H8: Egyedi Bútorfront | I8: Bútorfront | J8: EOL Mély MDF | K8: 1.8
A9: ProjektSzám | B9: 08 | C9: 0.2 | D9: 0.2 | E9: 1 | H9: Egyedi Bútorfront | I9: Bútorfront | J9: EOL Mély MDF | K9: 1.8
A10: ProjektSzám | B10: 09 | C10: 0.2 | D10: 0.2 | E10: 1 | H10: Egyedi Bútorfront | I10: Bútorfront | J10: EOL Mély MDF | K10: 1.8
A11: ProjektSzám | B11: 11 | C11: 0.2 | D11: 0.2 | E11: 1 | H11: Egyedi Bútorfront | I11: Bútorfront | J11: EOL Mély MDF | K11: 1.8
A12: ProjektSzám | B12: 12 | C12: 0.2 | D12: 0.2 | E12: 1 | H12: Egyedi Bútorfront | I12: Bútorfront | J12: EOL Mély MDF | K12: 1.8
A13: ProjektSzám | B13: 13 | C13: 0.2 | D13: 0.2 | E13: 1 | H13: Egyedi Bútorfront | I13: Bútorfront | J13: EOL Mély MDF | K13: 1.8
... A40: ProjektSzám | B40: 40 | C40: 0.2 | D40: 0.2 | E40: 1 | H40: Egyedi Bútorfront | I40: Bútorfront | J40: EOL Mély MDF | K40: 1.8
A41: ProjektSzám | B41: 41 | C41: 0.2 | D41: 0.2 | E41: 11 | H41: Egyedi Bútorfront | I41: Bútorfront | J41: EOL Mély MDF | K41: 1.8 | L41: Festett
A42: ProjektSzám | B42: 42 | C42: 0.2 | D42: 0.2 | E42: 1 | H42: Egyedi Bútorfront | I42: Bútorfront | J42: EOL Mély MDF | K42: 1.8 | L42: Festett
A43: ProjektSzám | B43: 43 | C43: 0.2 | D43: 0.2 | E43: 1 | H43: Egyedi Bútorfront | I43: Bútorfront | J43: EOL Mély MDF | K43: 1.8 | L43: Festett
A44: ProjektSzám | B44: 44 | C44: 0.2 | D44: 0.2 | E44: 1 | H44: Egyedi Bútorfront | I44: Bútorfront | J44: EOL Mély MDF | K44: 1.8
A45: ProjektSzám | B45: 45 | C45: 0.2 | D45: 0.2 | E45: 1 | H45: Egyedi Bútorfront | I45: Bútorfront | J45: EOL Mély MDF | K45: 1.8
A46: ProjektSzám | B46: 46 | C46: 0.2 | D46: 0.2 | E46: 1 | H46: Egyedi Bútorfront | I46: Bútorfront | J46: EOL Mély MDF | K46: 1.8
A47: ProjektSzám | B47: 47 | C47: 0.2 | D47: 0.2 | E47: 1 | H47: Egyedi Bútorfront | I47: Bútorfront | J47: EOL Mély MDF | K47: 1.8
A48: ProjektSzám | B48: 48 | C48: 0.2 | D48: 0.2 | E48: 1 | H48: Egyedi Bútorfront | I48: Bútorfront | J48: EOL Mély MDF | K48: 1.8
A49: ProjektSzám | B49: 49 | C49: 0.2 | D49: 0.2 | E49: 1 | H49: Egyedi Bútorfront | I49: Bútorfront | J49: EOL Mély MDF | K49: 1.8 | L49: Fóliás
A50: ProjektSzám | B50: 50 | C50: 0.2 | D50: 0.2 | E50: 1 | H50: Egyedi Bútorfront | I50: Bútorfront | J50: EOL Mély MDF | K50: 1.8 | L50: Fóliás
A51: ProjektSzám | B51: 51 | C51: 0.2 | D51: 0.2 | E51: 1 | H51: Egyedi Bútorfront | I51: Bútorfront | J51: EOL Mély MDF | K51: 1.8 | L51: Fóliás

Sheet Folyamatok Alap
D1: Fóliás
D2: Festett
B4: Termékek Tipus | E4: Tábla neve | F4: Tipus | G4: jel
B5: Bútorfront | E5: Folyamat_Gyártáselőkészítés | F5: {=INDEX(_xlfn.TEXTSPLIT(FolyamatVált_Táblázatok[[#This Row],[Tábla neve]],"_"),,1)} -> Folyamat | G5: {=INDEX(_xlfn.TEXTSPLIT(FolyamatVált_Táblázatok[[#This Row],[Tábla neve]],"_"),,2)} -> Gyártáselőkészítés
B6: Falpanel | E6: Folyamat_Ajtólap | F6: {=INDEX(_xlfn.TEXTSPLIT(FolyamatVált_Táblázatok[[#This Row],[Tábla neve]],"_"),,1)} -> Folyamat | G6: {=INDEX(_xlfn.TEXTSPLIT(FolyamatVált_Táblázatok[[#This Row],[Tábla neve]],"_"),,2)} -> Ajtólap
B7: Dísztok | E7: Folyamat_Tokmag | F7: {=INDEX(_xlfn.TEXTSPLIT(FolyamatVált_Táblázatok[[#This Row],[Tábla neve]],"_"),,1)} -> Folyamat | G7: {=INDEX(_xlfn.TEXTSPLIT(FolyamatVált_Táblázatok[[#This Row],[Tábla neve]],"_"),,2)} -> Tokmag
B8: FAF T | E8: Folyamat_TokmagTU | F8: {=INDEX(_xlfn.TEXTSPLIT(FolyamatVált_Táblázatok[[#This Row],[Tábla neve]],"_"),,1)} -> Folyamat | G8: {=INDEX(_xlfn.TEXTSPLIT(FolyamatVált_Táblázatok[[#This Row],[Tábla neve]],"_"),,2)} -> TokmagTU
B9: FAF TN | E9: Folyamat_Borítás | F9: {=INDEX(_xlfn.TEXTSPLIT(FolyamatVált_Táblázatok[[#This Row],[Tábla neve]],"_"),,1)} -> Folyamat | G9: {=INDEX(_xlfn.TEXTSPLIT(FolyamatVált_Táblázatok[[#This Row],[Tábla neve]],"_"),,2)} -> Borítás
B10: FAF TN Ket sz. | E10: Folyamat_Bútorfront | F10: {=INDEX(_xlfn.TEXTSPLIT(FolyamatVált_Táblázatok[[#This Row],[Tábla neve]],"_"),,1)} -> Folyamat | G10: {=INDEX(_xlfn.TEXTSPLIT(FolyamatVált_Táblázatok[[#This Row],[Tábla neve]],"_"),,2)} -> Bútorfront
B11: Falcos | E11: Folyamat_Blende | F11: {=INDEX(_xlfn.TEXTSPLIT(FolyamatVált_Táblázatok[[#This Row],[Tábla neve]],"_"),,1)} -> Folyamat | G11: {=INDEX(_xlfn.TEXTSPLIT(FolyamatVált_Táblázatok[[#This Row],[Tábla neve]],"_"),,2)} -> Blende
B12: Falsíkban | E12: Folyamat_Falpanel | F12: {=INDEX(_xlfn.TEXTSPLIT(FolyamatVált_Táblázatok[[#This Row],[Tábla neve]],"_"),,1)} -> Folyamat | G12: {=INDEX(_xlfn.TEXTSPLIT(FolyamatVált_Táblázatok[[#This Row],[Tábla neve]],"_"),,2)} -> Falpanel
B13: FEF T
B14: FEF TN
B15: FEF TN Ket sz.
B16: Kétsz. Sikba
B17: Kétsz. Tokba
B18: Pivot
B19: Síkban
B20: Sikban Tok
B21: Sikban Ajtólap
B22: Sikban Blende
B23: Sikban Borítás
B24: Tokba
... B32: TUT Sikba
A36: DSMR | B36: Feladat Rövidnév | C36: Feladat ID | D36: Feladat leírás | E36: Megnevezés | F36: Főfeladat Megnevezése | G36: Sorszám | H36: Feladat Tipus | I36: Kockázat | J36: Részleg 02 | K36: Részleg 01 | L36: Felelős | M36: Támogató | N36: Volumen | O36: Egység idő | P36: Humánerő | Q36: Ősszefoglaló feladat ID | R36: Szülő feladat Rővidnév | S36: Szülő feladat ID | T36: Feladat Függöség Tipusa | U36: Feladat Késleltetés | V36: Feladat Elinditása Részleges készültség esetén | W36: Extra nap
A37: =Projekt_Szám -> ProjektSzám | B37: GyI-E.00 | C37: =Folyamat_Sor_Gyártáselőkészítés[[#This Row],[DSMR]] & "-" & Folyamat_Sor_Gyártáselőkészítés[[#This Row],[Feladat Rövidnév]] -> ProjektSzám-GyI-E.00 | D37: =_xlfn.XLOOKUP(Folyamat_Sor_Gyártáselőkészítés[[#This Row],[Feladat Rövidnév]],Feladat_Egység_idő1[Feladat Rövidnév],Feladat_Egység_idő1[Feladat leírás],0,0,1) -> Előkészítés | E37: =_xlfn.XLOOKUP(Folyamat_Sor_Gyártáselőkészítés[[#This Row],[Feladat Rövidnév]],Feladat_Egység_idő1[Feladat Rövidnév],Feladat_Egység_idő1[Feladat leírás],0,0,1) -> Előkészítés | F37: =_xlfn.LET( _xlpm.megnevezés,"Előkészítés", IF(_xlpm.megnevezés=Folyamat_Sor_Gyártáselőkészítés[[#This Row],[Megnevezés]],"",_xlpm.megnevezés) ) | G37: 00 | H37: Összetett folyamat | I37: Terv szerint | J37: Gyártás Iroda | N37: 1 | O37: =_xlfn.XLOOKUP(Folyamat_Sor_Gyártáselőkészítés[[#This Row],[Feladat Rövidnév]],Feladat_Egység_idő1[Feladat Rövidnév],Feladat_Egység_idő1[Egység idő],0,0,1) -> 0 | P37: =_xlfn.XLOOKUP(Folyamat_Sor_Gyártáselőkészítés[[#This Row],[Feladat Rövidnév]],Feladat_Egység_idő1[Feladat Rövidnév],Feladat_Egység_idő1[Humánerő],0,0,1) -> 0 | V37: 1 | W37: 5
A38: =Projekt_Szám -> ProjektSzám | B38: GyI-E.01 | C38: =Folyamat_Sor_Gyártáselőkészítés[[#This Row],[DSMR]] & "-" & Folyamat_Sor_Gyártáselőkészítés[[#This Row],[Feladat Rövidnév]] -> ProjektSzám-GyI-E.01 | D38: =_xlfn.XLOOKUP(Folyamat_Sor_Gyártáselőkészítés[[#This Row],[Feladat Rövidnév]],Feladat_Egység_idő1[Feladat Rövidnév],Feladat_Egység_idő1[Feladat leírás],0,0,1) -> Megrendelés átadó megbeszélés | E38: =_xlfn.XLOOKUP(Folyamat_Sor_Gyártáselőkészítés[[#This Row],[Feladat Rövidnév]],Feladat_Egység_idő1[Feladat Rövidnév],Feladat_Egység_idő1[Feladat leírás],0,0,1) -> Megrendelés átadó megbeszélés | F38: =_xlfn.LET( _xlpm.megnevezés,"Előkészítés", IF(_xlpm.megnevezés=Folyamat_Sor_Gyártáselőkészítés[[#This Row],[Megnevezés]],"",_xlpm.megnevezés) ) -> Előkészítés | G38: 01 | H38: Folyamat | I38: Terv szerint | J38: Gyártás Iroda | K38: Műszaki tervezés | L38: Simon Kázmér | N38: 1 | O38: =_xlfn.XLOOKUP(Folyamat_Sor_Gyártáselőkészítés[[#This Row],[Feladat Rövidnév]],Feladat_Egység_idő1[Feladat Rövidnév],Feladat_Egység_idő1[Egység idő],0,0,1) -> 0.041666667 | P38: =_xlfn.XLOOKUP(Folyamat_Sor_Gyártáselőkészítés[[#This Row],[Feladat Rövidnév]],Feladat_Egység_idő1[Feladat Rövidnév],Feladat_Egység_idő1[Humánerő],0,0,1) -> 1 | Q38: =Folyamat_Sor_Gyártáselőkészítés[[#This Row],[DSMR]] & "-GyI-E.00" -> ProjektSzám-GyI-E.00 | R38: GyI-E.00 | S38: =Folyamat_Sor_Gyártáselőkészítés[[#This Row],[DSMR]] & "-" & Folyamat_Sor_Gyártáselőkészítés[[#This Row],[Szülő feladat Rővidnév]] -> ProjektSzám-GyI-E.00 | T38: SS | V38: 1
A39: =Projekt_Szám -> ProjektSzám | B39: GyI-E.02 | C39: =Folyamat_Sor_Gyártáselőkészítés[[#This Row],[DSMR]] & "-" & Folyamat_Sor_Gyártáselőkészítés[[#This Row],[Feladat Rövidnév]] -> ProjektSzám-GyI-E.02 | D39: =_xlfn.XLOOKUP(Folyamat_Sor_Gyártáselőkészítés[[#This Row],[Feladat Rövidnév]],Feladat_Egység_idő1[Feladat Rövidnév],Feladat_Egység_idő1[Feladat leírás],0,0,1) -> Információk beszerzése | E39: =_xlfn.XLOOKUP(Folyamat_Sor_Gyártáselőkészítés[[#This Row],[Feladat Rövidnév]],Feladat_Egység_idő1[Feladat Rövidnév],Feladat_Egység_idő1[Feladat leírás],0,0,1) -> Információk beszerzése | F39: =_xlfn.LET( _xlpm.megnevezés,"Előkészítés", IF(_xlpm.megnevezés=Folyamat_Sor_Gyártáselőkészítés[[#This Row],[Megnevezés]],"",_xlpm.megnevezés) ) -> Előkészítés | G39: 02 | H39: Folyamat | I39: Terv szerint | J39: Gyártás Iroda | K39: Műszaki tervezés | L39: Simon Kázmér | N39: 1 | O39: =_xlfn.XLOOKUP(Folyamat_Sor_Gyártáselőkészítés[[#This Row],[Feladat Rövidnév]],Feladat_Egység_idő1[Feladat Rövidnév],Feladat_Egység_idő1[Egység idő],0,0,1) -> 0.041666667 | P39: =_xlfn.XLOOKUP(Folyamat_Sor_Gyártáselőkészítés[[#This Row],[Feladat Rövidnév]],Feladat_Egység_idő1[Feladat Rövidnév],Feladat_Egység_idő1[Humánerő],0,0,1) -> 1 | Q39: =Folyamat_Sor_Gyártáselőkészítés[[#This Row],[DSMR]] & "-GyI-E.00" -> ProjektSzám-GyI-E.00 | R39: GyI-E.01 | S39: =Folyamat_Sor_Gyártáselőkészítés[[#This Row],[DSMR]] & "-" & Folyamat_Sor_Gyártáselőkészítés[[#This Row],[Szülő feladat Rővidnév]] -> ProjektSzám-GyI-E.01 | T39: SS | V39: 1
A40: =Projekt_Szám -> ProjektSzám | B40: GyI-E.02.01 | C40: =Folyamat_Sor_Gyártáselőkészítés[[#This Row],[DSMR]] & "-" & Folyamat_Sor_Gyártáselőkészítés[[#This Row],[Feladat Rövidnév]] -> ProjektSzám-GyI-E.02.01 | D40: =_xlfn.XLOOKUP(Folyamat_Sor_Gyártáselőkészítés[[#This Row],[Feladat Rövidnév]],Feladat_Egység_idő1[Feladat Rövidnév],Feladat_Egység_idő1[Feladat leírás],0,0,1) -> 0 | E40: =_xlfn.XLOOKUP(Folyamat_Sor_Gyártáselőkészítés[[#This Row],[Feladat Rövidnév]],Feladat_Egység_idő1[Feladat Rövidnév],Feladat_Egység_idő1[Feladat leírás],0,0,1) -> 0 | F40: =_xlfn.LET( _xlpm.megnevezés,"Előkészítés", IF(_xlpm.megnevezés=Folyamat_Sor_Gyártáselőkészítés[[#This Row],[Megnevezés]],"",_xlpm.megnevezés) ) -> Előkészítés | G40: 03 | H40: Folyamat | I40: Terv szerint | J40: Gyártás Iroda | K40: Műszaki tervezés | L40: Simon Kázmér | M40: Szántói Gábor | N40: 1 | O40: =_xlfn.XLOOKUP(Folyamat_Sor_Gyártáselőkészítés[[#This Row],[Feladat Rövidnév]],Feladat_Egység_idő1[Feladat Rövidnév],Feladat_Egység_idő1[Egység idő],0,0,1) -> 0 | P40: =_xlfn.XLOOKUP(Folyamat_Sor_Gyártáselőkészítés[[#This Row],[Feladat Rövidnév]],Feladat_Egység_idő1[Feladat Rövidnév],Feladat_Egység_idő1[Humánerő],0,0,1) -> 0 | Q40: =Folyamat_Sor_Gyártáselőkészítés[[#This Row],[DSMR]] & "-GyI-E.00" -> ProjektSzám-GyI-E.00 | R40: GyI-E.02 | S40: =Folyamat_Sor_Gyártáselőkészítés[[#This Row],[DSMR]] & "-" & Folyamat_Sor_Gyártáselőkészítés[[#This Row],[Szülő feladat Rővidnév]] -> ProjektSzám-GyI-E.02 | T40: FS | V40: 1
A41: =Projekt_Szám -> ProjektSzám | B41: GyI-E.03 | C41: =Folyamat_Sor_Gyártáselőkészítés[[#This Row],[DSMR]] & "-" & Folyamat_Sor_Gyártáselőkészítés[[#This Row],[Feladat Rövidnév]] -> ProjektSzám-GyI-E.03 | D41: =_xlfn.XLOOKUP(Folyamat_Sor_Gyártáselőkészítés[[#This Row],[Feladat Rövidnév]],Feladat_Egység_idő1[Feladat Rövidnév],Feladat_Egység_idő1[Feladat leírás],0,0,1) -> Megerndelőlap elenőrzése | E41: =_xlfn.XLOOKUP(Folyamat_Sor_Gyártáselőkészítés[[#This Row],[Feladat Rövidnév]],Feladat_Egység_idő1[Feladat Rövidnév],Feladat_Egység_idő1[Feladat leírás],0,0,1) -> Megerndelőlap elenőrzése | F41: =_xlfn.LET( _xlpm.megnevezés,"Előkészítés", IF(_xlpm.megnevezés=Folyamat_Sor_Gyártáselőkészítés[[#This Row],[Megnevezés]],"",_xlpm.megnevezés) ) -> Előkészítés | G41: 04 | H41: Folyamat | I41: Terv szerint | J41: Gyártás Iroda | K41: Műszaki tervezés | L41: Simon Kázmér | N41: 1 | O41: =_xlfn.XLOOKUP(Folyamat_Sor_Gyártáselőkészítés[[#This Row],[Feladat Rövidnév]],Feladat_Egység_idő1[Feladat Rövidnév],Feladat_Egység_idő1[Egység idő],0,0,1) -> 0.041666667 | P41: =_xlfn.XLOOKUP(Folyamat_Sor_Gyártáselőkészítés[[#This Row],[Feladat Rövidnév]],Feladat_Egység_idő1[Feladat Rövidnév],Feladat_Egység_idő1[Humánerő],0,0,1) -> 1 | Q41: =Folyamat_Sor_Gyártáselőkészítés[[#This Row],[DSMR]] & "-GyI-E.00" -> ProjektSzám-GyI-E.00 | R41: GyI-E.02.01 | S41: =Folyamat_Sor_Gyártáselőkészítés[[#This Row],[DSMR]] & "-" & Folyamat_Sor_Gyártáselőkészítés[[#This Row],[Szülő feladat Rővidnév]] -> ProjektSzám-GyI-E.02.01 | T41: SS | V41: 1
A42: =Projekt_Szám -> ProjektSzám | B42: GyI-E.04 | C42: =Folyamat_Sor_Gyártáselőkészítés[[#This Row],[DSMR]] & "-" & Folyamat_Sor_Gyártáselőkészítés[[#This Row],[Feladat Rövidnév]] -> ProjektSzám-GyI-E.04 | D42: =_xlfn.XLOOKUP(Folyamat_Sor_Gyártáselőkészítés[[#This Row],[Feladat Rövidnév]],Feladat_Egység_idő1[Feladat Rövidnév],Feladat_Egység_idő1[Feladat leírás],0,0,1) -> Információk elenőrzése | E42: =_xlfn.XLOOKUP(Folyamat_Sor_Gyártáselőkészítés[[#This Row],[Feladat Rövidnév]],Feladat_Egység_idő1[Feladat Rövidnév],Feladat_Egység_idő1[Feladat leírás],0,0,1) -> Információk elenőrzése | F42: =_xlfn.LET( _xlpm.megnevezés,"Előkészítés", IF(_xlpm.megnevezés=Folyamat_Sor_Gyártáselőkészítés[[#This Row],[Megnevezés]],"",_xlpm.megnevezés) ) -> Előkészítés | G42: 05 | H42: Folyamat | I42: Terv szerint | J42: Gyártás Iroda | K42: Műszaki tervezés | L42: Simon Kázmér | M42: Szántói Gábor | N42: 1 | O42: =_xlfn.XLOOKUP(Folyamat_Sor_Gyártáselőkészítés[[#This Row],[Feladat Rövidnév]],Feladat_Egység_idő1[Feladat Rövidnév],Feladat_Egység_idő1[Egység idő],0,0,1) -> 0.041666667 | P42: =_xlfn.XLOOKUP(Folyamat_Sor_Gyártáselőkészítés[[#This Row],[Feladat Rövidnév]],Feladat_Egység_idő1[Feladat Rövidnév],Feladat_Egység_idő1[Humánerő],0,0,1) -> 1 | Q42: =Folyamat_Sor_Gyártáselőkészítés[[#This Row],[DSMR]] & "-GyI-E.00" -> ProjektSzám-GyI-E.00 | R42: GyI-E.03 | S42: =Folyamat_Sor_Gyártáselőkészítés[[#This Row],[DSMR]] & "-" & Folyamat_Sor_Gyártáselőkészítés[[#This Row],[Szülő feladat Rővidnév]] -> ProjektSzám-GyI-E.03 | T42: SS | V42: 1
A43: =Projekt_Szám -> ProjektSzám | B43: GyI-E.05 | C43: =Folyamat_Sor_Gyártáselőkészítés[[#This Row],[DSMR]] & "-" & Folyamat_Sor_Gyártáselőkészítés[[#This Row],[Feladat Rövidnév]] -> ProjektSzám-GyI-E.05 | D43: =_xlfn.XLOOKUP(Folyamat_Sor_Gyártáselőkészítés[[#This Row],[Feladat Rövidnév]],Feladat_Egység_idő1[Feladat Rövidnév],Feladat_Egység_idő1[Feladat leírás],0,0,1) -> Meghajtón a mappa előkészítése | E43: =_xlfn.XLOOKUP(Folyamat_Sor_Gyártáselőkészítés[[#This Row],[Feladat Rövidnév]],Feladat_Egység_idő1[Feladat Rövidnév],Feladat_Egység_idő1[Feladat leírás],0,0,1) -> Meghajtón a mappa előkészítése | F43: =_xlfn.LET( _xlpm.megnevezés,"Előkészítés", IF(_xlpm.megnevezés=Folyamat_Sor_Gyártáselőkészítés[[#This Row],[Megnevezés]],"",_xlpm.megnevezés) ) -> Előkészítés | G43: 06 | H43: Folyamat | I43: Terv szerint | J43: Gyártás Iroda | K43: Műszaki tervezés | L43: Simon Kázmér | N43: 1 | O43: =_xlfn.XLOOKUP(Folyamat_Sor_Gyártáselőkészítés[[#This Row],[Feladat Rövidnév]],Feladat_Egység_idő1[Feladat Rövidnév],Feladat_Egység_idő1[Egység idő],0,0,1) -> 0.041666667 | P43: =_xlfn.XLOOKUP(Folyamat_Sor_Gyártáselőkészítés[[#This Row],[Feladat Rövidnév]],Feladat_Egység_idő1[Feladat Rövidnév],Feladat_Egység_idő1[Humánerő],0,0,1) -> 1 | Q43: =Folyamat_Sor_Gyártáselőkészítés[[#This Row],[DSMR]] & "-GyI-E.00" -> ProjektSzám-GyI-E.00 | R43: GyI-E.04 | S43: =Folyamat_Sor_Gyártáselőkészítés[[#This Row],[DSMR]] & "-" & Folyamat_Sor_Gyártáselőkészítés[[#This Row],[Szülő feladat Rővidnév]] -> ProjektSzám-GyI-E.04 | T43: SS | V43: 1
A44: =Projekt_Szám -> ProjektSzám | B44: GyI-E.06 | C44: =Folyamat_Sor_Gyártáselőkészítés[[#This Row],[DSMR]] & "-" & Folyamat_Sor_Gyártáselőkészítés[[#This Row],[Feladat Rövidnév]] -> ProjektSzám-GyI-E.06 | D44: =_xlfn.XLOOKUP(Folyamat_Sor_Gyártáselőkészítés[[#This Row],[Feladat Rövidnév]],Feladat_Egység_idő1[Feladat Rövidnév],Feladat_Egység_idő1[Feladat leírás],0,0,1) -> Kiíróba átvezetés | E44: =_xlfn.XLOOKUP(Folyamat_Sor_Gyártáselőkészítés[[#This Row],[Feladat Rövidnév]],Feladat_Egység_idő1[Feladat Rövidnév],Feladat_Egység_idő1[Feladat leírás],0,0,1) -> Kiíróba átvezetés | F44: =_xlfn.LET( _xlpm.megnevezés,"Előkészítés", IF(_xlpm.megnevezés=Folyamat_Sor_Gyártáselőkészítés[[#This Row],[Megnevezés]],"",_xlpm.megnevezés) ) -> Előkészítés | G44: 07 | H44: Folyamat | I44: Terv szerint | J44: Gyártás Iroda | K44: Műszaki tervezés | L44: Simon Kázmér | M44: Szántói Gábor | N44: 1 | O44: =_xlfn.XLOOKUP(Folyamat_Sor_Gyártáselőkészítés[[#This Row],[Feladat Rövidnév]],Feladat_Egység_idő1[Feladat Rövidnév],Feladat_Egység_idő1[Egység idő],0,0,1) -> 0.041666667 | P44: =_xlfn.XLOOKUP(Folyamat_Sor_Gyártáselőkészítés[[#This Row],[Feladat Rövidnév]],Feladat_Egység_idő1[Feladat Rövidnév],Feladat_Egység_idő1[Humánerő],0,0,1) -> 1 | Q44: =Folyamat_Sor_Gyártáselőkészítés[[#This Row],[DSMR]] & "-GyI-E.00" -> ProjektSzám-GyI-E.00 | R44: GyI-E.05 | S44: =Folyamat_Sor_Gyártáselőkészítés[[#This Row],[DSMR]] & "-" & Folyamat_Sor_Gyártáselőkészítés[[#This Row],[Szülő feladat Rővidnév]] -> ProjektSzám-GyI-E.05 | T44: SS | V44: 1
A45: =Projekt_Szám -> ProjektSzám | B45: GyI-E.07 | C45: =Folyamat_Sor_Gyártáselőkészítés[[#This Row],[DSMR]] & "-" & Folyamat_Sor_Gyártáselőkészítés[[#This Row],[Feladat Rövidnév]] -> ProjektSzám-GyI-E.07 | D45: =_xlfn.XLOOKUP(Folyamat_Sor_Gyártáselőkészítés[[#This Row],[Feladat Rövidnév]],Feladat_Egység_idő1[Feladat Rövidnév],Feladat_Egység_idő1[Feladat leírás],0,0,1) -> Kiíró elenőrzése | E45: =_xlfn.XLOOKUP(Folyamat_Sor_Gyártáselőkészítés[[#This Row],[Feladat Rövidnév]],Feladat_Egység_idő1[Feladat Rövidnév],Feladat_Egység_idő1[Feladat leírás],0,0,1) -> Kiíró elenőrzése | F45: =_xlfn.LET( _xlpm.megnevezés,"Előkészítés", IF(_xlpm.megnevezés=Folyamat_Sor_Gyártáselőkészítés[[#This Row],[Megnevezés]],"",_xlpm.megnevezés) ) -> Előkészítés | G45: 08 | H45: Folyamat | I45: Terv szerint | J45: Gyártás Iroda | K45: Műszaki tervezés | L45: Simon Kázmér | N45: 1 | O45: =_xlfn.XLOOKUP(Folyamat_Sor_Gyártáselőkészítés[[#This Row],[Feladat Rövidnév]],Feladat_Egység_idő1[Feladat Rövidnév],Feladat_Egység_idő1[Egység idő],0,0,1) -> 0.041666667 | P45: =_xlfn.XLOOKUP(Folyamat_Sor_Gyártáselőkészítés[[#This Row],[Feladat Rövidnév]],Feladat_Egység_idő1[Feladat Rövidnév],Feladat_Egység_idő1[Humánerő],0,0,1) -> 1 | Q45: =Folyamat_Sor_Gyártáselőkészítés[[#This Row],[DSMR]] & "-GyI-E.00" -> ProjektSzám-GyI-E.00 | R45: GyI-E.06 | S45: =Folyamat_Sor_Gyártáselőkészítés[[#This Row],[DSMR]] & "-" & Folyamat_Sor_Gyártáselőkészítés[[#This Row],[Szülő feladat Rővidnév]] -> ProjektSzám-GyI-E.06 | T45: FS | V45: 1
A46: =Projekt_Szám -> ProjektSzám | B46: GyI-E.08 | C46: =Folyamat_Sor_Gyártáselőkészítés[[#This Row],[DSMR]] & "-" & Folyamat_Sor_Gyártáselőkészítés[[#This Row],[Feladat Rövidnév]] -> ProjektSzám-GyI-E.08 | D46: =_xlfn.XLOOKUP(Folyamat_Sor_Gyártáselőkészítés[[#This Row],[Feladat Rövidnév]],Feladat_Egység_idő1[Feladat Rövidnév],Feladat_Egység_idő1[Feladat leírás],0,0,1) -> Gyártás inditó megbeszéléssel | E46: =_xlfn.XLOOKUP(Folyamat_Sor_Gyártáselőkészítés[[#This Row],[Feladat Rövidnév]],Feladat_Egység_idő1[Feladat Rövidnév],Feladat_Egység_idő1[Feladat leírás],0,0,1) -> Gyártás inditó megbeszéléssel | F46: =_xlfn.LET( _xlpm.megnevezés,"Előkészítés", IF(_xlpm.megnevezés=Folyamat_Sor_Gyártáselőkészítés[[#This Row],[Megnevezés]],"",_xlpm.megnevezés) ) -> Előkészítés | G46: 09 | H46: Folyamat | I46: Terv szerint | J46: Gyártás Iroda | K46: Műszaki tervezés | L46: Simon Kázmér | N46: 1 | O46: =_xlfn.XLOOKUP(Folyamat_Sor_Gyártáselőkészítés[[#This Row],[Feladat Rövidnév]],Feladat_Egység_idő1[Feladat Rövidnév],Feladat_Egység_idő1[Egység idő],0,0,1) -> 0.041666667 | P46: =_xlfn.XLOOKUP(Folyamat_Sor_Gyártáselőkészítés[[#This Row],[Feladat Rövidnév]],Feladat_Egység_idő1[Feladat Rövidnév],Feladat_Egység_idő1[Humánerő],0,0,1) -> 1 | Q46: =Folyamat_Sor_Gyártáselőkészítés[[#This Row],[DSMR]] & "-GyI-E.00" -> ProjektSzám-GyI-E.00 | R46: GyI-E.07 | S46: =Folyamat_Sor_Gyártáselőkészítés[[#This Row],[DSMR]] & "-" & Folyamat_Sor_Gyártáselőkészítés[[#This Row],[Szülő feladat Rővidnév]] -> ProjektSzám-GyI-E.07 | T46: FS | V46: 1
A47: =Projekt_Szám -> ProjektSzám | B47: GyI-E.08.01 | C47: =Folyamat_Sor_Gyártáselőkészítés[[#This Row],[DSMR]] & "-" & Folyamat_Sor_Gyártáselőkészítés[[#This Row],[Feladat Rövidnév]] -> ProjektSzám-GyI-E.08.01 | D47: =_xlfn.XLOOKUP(Folyamat_Sor_Gyártáselőkészítés[[#This Row],[Feladat Rövidnév]],Feladat_Egység_idő1[Feladat Rövidnév],Feladat_Egység_idő1[Feladat leírás],0,0,1) -> 0 | E47: =_xlfn.XLOOKUP(Folyamat_Sor_Gyártáselőkészítés[[#This Row],[Feladat Rövidnév]],Feladat_Egység_idő1[Feladat Rövidnév],Feladat_Egység_idő1[Feladat leírás],0,0,1) -> 0 | F47: =_xlfn.LET( _xlpm.megnevezés,"Előkészítés", IF(_xlpm.megnevezés=Folyamat_Sor_Gyártáselőkészítés[[#This Row],[Megnevezés]],"",_xlpm.megnevezés) ) -> Előkészítés | G47: 10 | H47: Folyamat | I47: Terv szerint | J47: Gyártás Iroda | K47: Műszaki tervezés | L47: Simon Kázmér | N47: 1 | O47: =_xlfn.XLOOKUP(Folyamat_Sor_Gyártáselőkészítés[[#This Row],[Feladat Rövidnév]],Feladat_Egység_idő1[Feladat Rövidnév],Feladat_Egység_idő1[Egység idő],0,0,1) -> 0 | P47: =_xlfn.XLOOKUP(Folyamat_Sor_Gyártáselőkészítés[[#This Row],[Feladat Rövidnév]],Feladat_Egység_idő1[Feladat Rövidnév],Feladat_Egység_idő1[Humánerő],0,0,1) -> 0 | Q47: =Folyamat_Sor_Gyártáselőkészítés[[#This Row],[DSMR]] & "-GyI-E.00" -> ProjektSzám-GyI-E.00 | R47: GyI-E.08 | S47: =Folyamat_Sor_Gyártáselőkészítés[[#This Row],[DSMR]] & "-" & Folyamat_Sor_Gyártáselőkészítés[[#This Row],[Szülő feladat Rővidnév]] -> ProjektSzám-GyI-E.08 | T47: SS | V47: 1
A48: =Projekt_Szám -> ProjektSzám | B48: GyI-E.09 | C48: =Folyamat_Sor_Gyártáselőkészítés[[#This Row],[DSMR]] & "-" & Folyamat_Sor_Gyártáselőkészítés[[#This Row],[Feladat Rövidnév]] -> ProjektSzám-GyI-E.09 | D48: =_xlfn.XLOOKUP(Folyamat_Sor_Gyártáselőkészítés[[#This Row],[Feladat Rövidnév]],Feladat_Egység_idő1[Feladat Rövidnév],Feladat_Egység_idő1[Feladat leírás],0,0,1) -> Anyagszükséglet | E48: =_xlfn.XLOOKUP(Folyamat_Sor_Gyártáselőkészítés[[#This Row],[Feladat Rövidnév]],Feladat_Egység_idő1[Feladat Rövidnév],Feladat_Egység_idő1[Feladat leírás],0,0,1) -> Anyagszükséglet | F48: =_xlfn.LET( _xlpm.megnevezés,"Előkészítés", IF(_xlpm.megnevezés=Folyamat_Sor_Gyártáselőkészítés[[#This Row],[Megnevezés]],"",_xlpm.megnevezés) ) -> Előkészítés | G48: 11 | H48: Folyamat | I48: Terv szerint | J48: Gyártás Iroda | K48: Műszaki tervezés | L48: Simon Kázmér | N48: 1 | O48: =_xlfn.XLOOKUP(Folyamat_Sor_Gyártáselőkészítés[[#This Row],[Feladat Rövidnév]],Feladat_Egység_idő1[Feladat Rövidnév],Feladat_Egység_idő1[Egység idő],0,0,1) -> 0.041666667 | P48: =_xlfn.XLOOKUP(Folyamat_Sor_Gyártáselőkészítés[[#This Row],[Feladat Rövidnév]],Feladat_Egység_idő1[Feladat Rövidnév],Feladat_Egység_idő1[Humánerő],0,0,1) -> 1 | Q48: =Folyamat_Sor_Gyártáselőkészítés[[#This Row],[DSMR]] & "-GyI-E.00" -> ProjektSzám-GyI-E.00 | R48: GyI-E.08.01 | S48: =Folyamat_Sor_Gyártáselőkészítés[[#This Row],[DSMR]] & "-" & Folyamat_Sor_Gyártáselőkészítés[[#This Row],[Szülő feladat Rővidnév]] -> ProjektSzám-GyI-E.08.01 | T48: FS | V48: 1
B50: Termékek Tipus
B51: Tokba
B52: Tokban Ajtólap
B53: Síkban
B54: Sikban Ajtólap
B55: TUT Sikba
B56: TUS Tokba
A60: DSMR | B60: Feladat Rövidnév | C60: Feladat ID | D60: Feladat leírás | E60: Megnevezés | F60: Főfeladat Megnevezése | G60: Sorszám | H60: Feladat Tipus | I60: Kockázat | J60: Részleg 02 | K60: Részleg 01 | L60: Felelős | M60: Támogató | N60: Volumen | O60: Egység idő | P60: Humánerő | Q60: Ősszefoglaló feladat ID | R60: Szülő feladat Rővidnév | S60: Szülő feladat ID | T60: Feladat Függöség Tipusa | U60: Feladat Késleltetés | V60: Feladat Elinditása Részleges készültség esetén | W60: Extra nap
A61: =Projekt_Szám -> ProjektSzám | B61: GyV-L.00 | C61: =Folyamat_Sor_Ajtólap[[#This Row],[DSMR]] & "-" & Folyamat_Sor_Ajtólap[[#This Row],[Feladat Rövidnév]] -> ProjektSzám-GyV-L.00 | D61: =_xlfn.XLOOKUP(Folyamat_Sor_Ajtólap[[#This Row],[Feladat Rövidnév]],Feladat_Egység_idő1[Feladat Rövidnév],Feladat_Egység_idő1[Feladat leírás],0,0,1) -> Ajtólap | E61: =_xlfn.XLOOKUP(Folyamat_Sor_Ajtólap[[#This Row],[Feladat Rövidnév]],Feladat_Egység_idő1[Feladat Rövidnév],Feladat_Egység_idő1[Feladat leírás],0,0,1) -> Ajtólap | F61: =_xlfn.LET( _xlpm.megnevezés,"Ajtólap", IF(_xlpm.megnevezés=Folyamat_Sor_Ajtólap[[#This Row],[Megnevezés]],"",_xlpm.megnevezés) ) | G61: 00 | H61: Összetett folyamat | I61: Terv szerint | J61: Gyártásvezetés | L61: Martin Zoltán | N61: =IF(SUM(N62:N78)>0,1,0) -> 0 | O61: =_xlfn.XLOOKUP(Folyamat_Sor_Ajtólap[[#This Row],[Feladat Rövidnév]],Feladat_Egység_idő1[Feladat Rövidnév],Feladat_Egység_idő1[Egység idő],0,0,1) -> 0 | P61: =_xlfn.XLOOKUP(Folyamat_Sor_Ajtólap[[#This Row],[Feladat Rövidnév]],Feladat_Egység_idő1[Feladat Rövidnév],Feladat_Egység_idő1[Humánerő],0,0,1) -> 0 | R61: GyI-E.00 | S61: =Folyamat_Sor_Ajtólap[[#This Row],[DSMR]] & "-" & Folyamat_Sor_Ajtólap[[#This Row],[Szülő feladat Rővidnév]] -> ProjektSzám-GyI-E.00 | T61: FS | V61: 1 | W61: 7
A62: =Projekt_Szám -> ProjektSzám | B62: GyV-L.01 | C62: =Folyamat_Sor_Ajtólap[[#This Row],[DSMR]] & "-" & Folyamat_Sor_Ajtólap[[#This Row],[Feladat Rövidnév]] -> ProjektSzám-GyV-L.01 | D62: =_xlfn.XLOOKUP(Folyamat_Sor_Ajtólap[[#This Row],[Feladat Rövidnév]],Feladat_Egység_idő1[Feladat Rövidnév],Feladat_Egység_idő1[Feladat leírás],0,0,1) -> 5-ös HDF | E62: =_xlfn.XLOOKUP(Folyamat_Sor_Ajtólap[[#This Row],[Feladat Rövidnév]],Feladat_Egység_idő1[Feladat Rövidnév],Feladat_Egység_idő1[Feladat leírás],0,0,1) -> 5-ös HDF | F62: =_xlfn.LET( _xlpm.megnevezés,"Ajtólap", IF(_xlpm.megnevezés=Folyamat_Sor_Ajtólap[[#This Row],[Megnevezés]],"",_xlpm.megnevezés) ) -> Ajtólap | G62: 01 | H62: Folyamat | I62: Terv szerint | J62: Gyártásvezetés | K62: Asztalos | L62: Geröcs István | M62: Berei János | N62: {=SUM(_xlfn._xlws.FILTER(Szabászat[Darab],(ISNUMBER(SEARCH("Borítólap",Szabászat[Alkatrész Megnevezése]))),0))} -> 0 | O62: =_xlfn.XLOOKUP(Folyamat_Sor_Ajtólap[[#This Row],[Feladat Rövidnév]],Feladat_Egység_idő1[Feladat Rövidnév],Feladat_Egység_idő1[Egység idő],0,0,1) -> 0.0019791667 | P62: =_xlfn.XLOOKUP(Folyamat_Sor_Ajtólap[[#This Row],[Feladat Rövidnév]],Feladat_Egység_idő1[Feladat Rövidnév],Feladat_Egység_idő1[Humánerő],0,0,1) -> 2 | Q62: =Folyamat_Sor_Ajtólap[[#This Row],[DSMR]] & "-GyV-L.00" -> ProjektSzám-GyV-L.00 | R62: GyV-L.00 | S62: =Folyamat_Sor_Ajtólap[[#This Row],[DSMR]] & "-" & Folyamat_Sor_Ajtólap[[#This Row],[Szülő feladat Rővidnév]] -> ProjektSzám-GyV-L.00 | T62: SS | V62: 1
A63: =Projekt_Szám -> ProjektSzám | B63: GyV-L.02 | C63: =Folyamat_Sor_Ajtólap[[#This Row],[DSMR]] & "-" & Folyamat_Sor_Ajtólap[[#This Row],[Feladat Rövidnév]] -> ProjektSzám-GyV-L.02 | D63: =_xlfn.XLOOKUP(Folyamat_Sor_Ajtólap[[#This Row],[Feladat Rövidnév]],Feladat_Egység_idő1[Feladat Rövidnév],Feladat_Egység_idő1[Feladat leírás],0,0,1) -> Keret | E63: =_xlfn.XLOOKUP(Folyamat_Sor_Ajtólap[[#This Row],[Feladat Rövidnév]],Feladat_Egység_idő1[Feladat Rövidnév],Feladat_Egység_idő1[Feladat leírás],0,0,1) -> Keret | F63: =_xlfn.LET( _xlpm.megnevezés,"Ajtólap", IF(_xlpm.megnevezés=Folyamat_Sor_Ajtólap[[#This Row],[Megnevezés]],"",_xlpm.megnevezés) ) -> Ajtólap | G63: 02 | H63: Folyamat | I63: Terv szerint | J63: Gyártásvezetés | K63: Asztalos | L63: Geröcs István | M63: Berei János | N63: {=SUM(_xlfn._xlws.FILTER(Szabászat[Darab],(ISNUMBER(SEARCH("Keret",Szabászat[Alkatrész Megnevezése]))),0))} -> 0 | O63: =_xlfn.XLOOKUP(Folyamat_Sor_Ajtólap[[#This Row],[Feladat Rövidnév]],Feladat_Egység_idő1[Feladat Rövidnév],Feladat_Egység_idő1[Egység idő],0,0,1) -> 0.00077546296 | P63: =_xlfn.XLOOKUP(Folyamat_Sor_Ajtólap[[#This Row],[Feladat Rövidnév]],Feladat_Egység_idő1[Feladat Rövidnév],Feladat_Egység_idő1[Humánerő],0,0,1) -> 2 | Q63: =Folyamat_Sor_Ajtólap[[#This Row],[DSMR]] & "-GyV-L.00" -> ProjektSzám-GyV-L.00 | R63: GyV-L.00 | S63: =Folyamat_Sor_Ajtólap[[#This Row],[DSMR]] & "-" & Folyamat_Sor_Ajtólap[[#This Row],[Szülő feladat Rővidnév]] -> ProjektSzám-GyV-L.00 | T63: SS | V63: 1
A64: =Projekt_Szám -> ProjektSzám | B64: GyV-L.03 | C64: =Folyamat_Sor_Ajtólap[[#This Row],[DSMR]] & "-" & Folyamat_Sor_Ajtólap[[#This Row],[Feladat Rövidnév]] -> ProjektSzám-GyV-L.03 | D64: =_xlfn.XLOOKUP(Folyamat_Sor_Ajtólap[[#This Row],[Feladat Rövidnév]],Feladat_Egység_idő1[Feladat Rövidnév],Feladat_Egység_idő1[Feladat leírás],0,0,1) -> Betét | E64: =_xlfn.XLOOKUP(Folyamat_Sor_Ajtólap[[#This Row],[Feladat Rövidnév]],Feladat_Egység_idő1[Feladat Rövidnév],Feladat_Egység_idő1[Feladat leírás],0,0,1) -> Betét | F64: =_xlfn.LET( _xlpm.megnevezés,"Ajtólap", IF(_xlpm.megnevezés=Folyamat_Sor_Ajtólap[[#This Row],[Megnevezés]],"",_xlpm.megnevezés) ) -> Ajtólap | G64: 03 | H64: Folyamat | I64: Terv szerint | J64: Gyártásvezetés | K64: Asztalos | L64: Geröcs István | M64: Berei János | N64: {=SUM(_xlfn._xlws.FILTER(Szabászat[Darab],(ISNUMBER(SEARCH("Betétlap",Szabászat[Alkatrész Megnevezése]))),0))} -> 0 | O64: =_xlfn.XLOOKUP(Folyamat_Sor_Ajtólap[[#This Row],[Feladat Rövidnév]],Feladat_Egység_idő1[Feladat Rövidnév],Feladat_Egység_idő1[Egység idő],0,0,1) -> 0.0063888889 | P64: =_xlfn.XLOOKUP(Folyamat_Sor_Ajtólap[[#This Row],[Feladat Rövidnév]],Feladat_Egység_idő1[Feladat Rövidnév],Feladat_Egység_idő1[Humánerő],0,0,1) -> 2 | Q64: =Folyamat_Sor_Ajtólap[[#This Row],[DSMR]] & "-GyV-L.00" -> ProjektSzám-GyV-L.00 | R64: GyV-L.00 | S64: =Folyamat_Sor_Ajtólap[[#This Row],[DSMR]] & "-" & Folyamat_Sor_Ajtólap[[#This Row],[Szülő feladat Rővidnév]] -> ProjektSzám-GyV-L.00 | T64: SS | V64: 1
A65: =Projekt_Szám -> ProjektSzám | B65: GyV-L.04 | C65: =Folyamat_Sor_Ajtólap[[#This Row],[DSMR]] & "-" & Folyamat_Sor_Ajtólap[[#This Row],[Feladat Rövidnév]] -> ProjektSzám-GyV-L.04 | D65: =_xlfn.XLOOKUP(Folyamat_Sor_Ajtólap[[#This Row],[Feladat Rövidnév]],Feladat_Egység_idő1[Feladat Rövidnév],Feladat_Egység_idő1[Feladat leírás],0,0,1) -> Au. Küsz./lapfesz. | E65: =_xlfn.XLOOKUP(Folyamat_Sor_Ajtólap[[#This Row],[Feladat Rövidnév]],Feladat_Egység_idő1[Feladat Rövidnév],Feladat_Egység_idő1[Feladat leírás],0,0,1) -> Au. Küsz./lapfesz. | F65: =_xlfn.LET( _xlpm.megnevezés,"Ajtólap", IF(_xlpm.megnevezés=Folyamat_Sor_Ajtólap[[#This Row],[Megnevezés]],"",_xlpm.megnevezés) ) -> Ajtólap | G65: 04 | H65: Folyamat | I65: Terv szerint | J65: Gyártásvezetés | K65: Asztalos | L65: Geröcs István | M65: Berei János | N65: {=IFERROR(ROWS(_xlfn._xlws.FILTER(INDIRECT("Összes_Vasalatok[Autómataküszöb Vasalat]"),(LEN(INDIRECT("Összes_Vasalatok[Autómataküszöb Vasalat]"))>1)*(INDIRECT("Összes_Vasalatok[Autómataküszöb Vasalat]")<>"Nincs"))),0) + IFERROR(ROWS(_xlfn._xlws.FILTER(INDIRECT("Összes_Vasalatok[Lapfeszítő Vasalat]"),(LEN(INDIRECT("Összes_Vasalatok[Lapfeszítő Vasalat]"))>1)*(INDIRECT("Összes_Vasalatok[Lapfeszítő Vasalat]")<>"Nincs"))),0)} -> 0 | O65: =_xlfn.XLOOKUP(Folyamat_Sor_Ajtólap[[#This Row],[Feladat Rövidnév]],Feladat_Egység_idő1[Feladat Rövidnév],Feladat_Egység_idő1[Egység idő],0,0,1) -> 0.0069444444 | P65: =_xlfn.XLOOKUP(Folyamat_Sor_Ajtólap[[#This Row],[Feladat Rövidnév]],Feladat_Egység_idő1[Feladat Rövidnév],Feladat_Egység_idő1[Humánerő],0,0,1) -> 1 | Q65: =Folyamat_Sor_Ajtólap[[#This Row],[DSMR]] & "-GyV-L.00" -> ProjektSzám-GyV-L.00 | R65: GyV-L.03 | S65: =Folyamat_Sor_Ajtólap[[#This Row],[DSMR]] & "-" & Folyamat_Sor_Ajtólap[[#This Row],[Szülő feladat Rővidnév]] -> ProjektSzám-GyV-L.03 | T65: FS | V65: 1
A66: =Projekt_Szám -> ProjektSzám | B66: GyV-L.05 | C66: =Folyamat_Sor_Ajtólap[[#This Row],[DSMR]] & "-" & Folyamat_Sor_Ajtólap[[#This Row],[Feladat Rövidnév]] -> ProjektSzám-GyV-L.05 | D66: =_xlfn.XLOOKUP(Folyamat_Sor_Ajtólap[[#This Row],[Feladat Rövidnév]],Feladat_Egység_idő1[Feladat Rövidnév],Feladat_Egység_idő1[Feladat leírás],0,0,1) -> Összerakás | E66: =_xlfn.XLOOKUP(Folyamat_Sor_Ajtólap[[#This Row],[Feladat Rövidnév]],Feladat_Egység_idő1[Feladat Rövidnév],Feladat_Egység_idő1[Feladat leírás],0,0,1) -> Összerakás | F66: =_xlfn.LET( _xlpm.megnevezés,"Ajtólap", IF(_xlpm.megnevezés=Folyamat_Sor_Ajtólap[[#This Row],[Megnevezés]],"",_xlpm.megnevezés) ) -> Ajtólap | G66: 05 | H66: Folyamat | I66: Terv szerint | J66: Gyártásvezetés | K66: Asztalos | L66: Geröcs István | M66: Berei János | N66: =SUM(INDIRECT("Ajtólap[Ajtólap száma]")) -> 0 | O66: =_xlfn.XLOOKUP(Folyamat_Sor_Ajtólap[[#This Row],[Feladat Rövidnév]],Feladat_Egység_idő1[Feladat Rövidnév],Feladat_Egység_idő1[Egység idő],0,0,1) -> 0.0054166667 | P66: =_xlfn.XLOOKUP(Folyamat_Sor_Ajtólap[[#This Row],[Feladat Rövidnév]],Feladat_Egység_idő1[Feladat Rövidnév],Feladat_Egység_idő1[Humánerő],0,0,1) -> 2 | Q66: =Folyamat_Sor_Ajtólap[[#This Row],[DSMR]] & "-GyV-L.00" -> ProjektSzám-GyV-L.00 | R66: GyV-L.03 | S66: =Folyamat_Sor_Ajtólap[[#This Row],[DSMR]] & "-" & Folyamat_Sor_Ajtólap[[#This Row],[Szülő feladat Rővidnév]] -> ProjektSzám-GyV-L.03 | T66: FS | V66: 1
A67: =Projekt_Szám -> ProjektSzám | B67: GyV-L.06 | C67: =Folyamat_Sor_Ajtólap[[#This Row],[DSMR]] & "-" & Folyamat_Sor_Ajtólap[[#This Row],[Feladat Rövidnév]] -> ProjektSzám-GyV-L.06 | D67: =_xlfn.XLOOKUP(Folyamat_Sor_Ajtólap[[#This Row],[Feladat Rövidnév]],Feladat_Egység_idő1[Feladat Rövidnév],Feladat_Egység_idő1[Feladat leírás],0,0,1) -> Préselés | E67: =_xlfn.XLOOKUP(Folyamat_Sor_Ajtólap[[#This Row],[Feladat Rövidnév]],Feladat_Egység_idő1[Feladat Rövidnév],Feladat_Egység_idő1[Feladat leírás],0,0,1) -> Préselés | F67: =_xlfn.LET( _xlpm.megnevezés,"Ajtólap", IF(_xlpm.megnevezés=Folyamat_Sor_Ajtólap[[#This Row],[Megnevezés]],"",_xlpm.megnevezés) ) -> Ajtólap | G67: 06 | H67: Folyamat | I67: Terv szerint | J67: Gyártásvezetés | K67: Asztalos | L67: Geröcs István | M67: Berei János | N67: =SUM(INDIRECT("Ajtólap[Ajtólap száma]")) -> 0 | O67: =_xlfn.XLOOKUP(Folyamat_Sor_Ajtólap[[#This Row],[Feladat Rövidnév]],Feladat_Egység_idő1[Feladat Rövidnév],Feladat_Egység_idő1[Egység idő],0,0,1) -> 0.0062152778 | P67: =_xlfn.XLOOKUP(Folyamat_Sor_Ajtólap[[#This Row],[Feladat Rövidnév]],Feladat_Egység_idő1[Feladat Rövidnév],Feladat_Egység_idő1[Humánerő],0,0,1) -> 3 | Q67: =Folyamat_Sor_Ajtólap[[#This Row],[DSMR]] & "-GyV-L.00" -> ProjektSzám-GyV-L.00 | R67: GyV-L.05 | S67: =Folyamat_Sor_Ajtólap[[#This Row],[DSMR]] & "-" & Folyamat_Sor_Ajtólap[[#This Row],[Szülő feladat Rővidnév]] -> ProjektSzám-GyV-L.05 | T67: SS | V67: 1
A68: =Projekt_Szám -> ProjektSzám | B68: GyV-L.07 | C68: =Folyamat_Sor_Ajtólap[[#This Row],[DSMR]] & "-" & Folyamat_Sor_Ajtólap[[#This Row],[Feladat Rövidnév]] -> ProjektSzám-GyV-L.07 | D68: =_xlfn.XLOOKUP(Folyamat_Sor_Ajtólap[[#This Row],[Feladat Rövidnév]],Feladat_Egység_idő1[Feladat Rövidnév],Feladat_Egység_idő1[Feladat leírás],0,0,1) -> CNC kontúr | E68: =_xlfn.XLOOKUP(Folyamat_Sor_Ajtólap[[#This Row],[Feladat Rövidnév]],Feladat_Egység_idő1[Feladat Rövidnév],Feladat_Egység_idő1[Feladat leírás],0,0,1) -> CNC kontúr | F68: =_xlfn.LET( _xlpm.megnevezés,"Ajtólap", IF(_xlpm.megnevezés=Folyamat_Sor_Ajtólap[[#This Row],[Megnevezés]],"",_xlpm.megnevezés) ) -> Ajtólap | G68: 07 | H68: Folyamat | I68: Terv szerint | J68: Gyártásvezetés | K68: CNC | L68: Dancsik János | N68: =SUM(INDIRECT("Ajtólap[Ajtólap száma]")) -> 0 | O68: =_xlfn.XLOOKUP(Folyamat_Sor_Ajtólap[[#This Row],[Feladat Rövidnév]],Feladat_Egység_idő1[Feladat Rövidnév],Feladat_Egység_idő1[Egység idő],0,0,1) -> 0.004375 | P68: =_xlfn.XLOOKUP(Folyamat_Sor_Ajtólap[[#This Row],[Feladat Rövidnév]],Feladat_Egység_idő1[Feladat Rövidnév],Feladat_Egység_idő1[Humánerő],0,0,1) -> 1 | Q68: =Folyamat_Sor_Ajtólap[[#This Row],[DSMR]] & "-GyV-L.00" -> ProjektSzám-GyV-L.00 | R68: GyV-L.06 | S68: =Folyamat_Sor_Ajtólap[[#This Row],[DSMR]] & "-" & Folyamat_Sor_Ajtólap[[#This Row],[Szülő feladat Rővidnév]] -> ProjektSzám-GyV-L.06 | T68: FS | V68: 1
A69: =Projekt_Szám -> ProjektSzám | B69: GyV-L.08 | C69: =Folyamat_Sor_Ajtólap[[#This Row],[DSMR]] & "-" & Folyamat_Sor_Ajtólap[[#This Row],[Feladat Rövidnév]] -> ProjektSzám-GyV-L.08 | D69: =_xlfn.XLOOKUP(Folyamat_Sor_Ajtólap[[#This Row],[Feladat Rövidnév]],Feladat_Egység_idő1[Feladat Rövidnév],Feladat_Egység_idő1[Feladat leírás],0,0,1) -> CNC minta/betét | E69: =_xlfn.XLOOKUP(Folyamat_Sor_Ajtólap[[#This Row],[Feladat Rövidnév]],Feladat_Egység_idő1[Feladat Rövidnév],Feladat_Egység_idő1[Feladat leírás],0,0,1) -> CNC minta/betét | F69: =_xlfn.LET( _xlpm.megnevezés,"Ajtólap", IF(_xlpm.megnevezés=Folyamat_Sor_Ajtólap[[#This Row],[Megnevezés]],"",_xlpm.megnevezés) ) -> Ajtólap | G69: 08 | H69: Folyamat | I69: Terv szerint | J69: Gyártásvezetés | K69: CNC | L69: Dancsik János | N69: {=IFERROR(ROWS(_xlfn._xlws.FILTER(INDIRECT("Fix_Oldal[Minta Fix Oldalon]"),(LEN(INDIRECT("Fix_Oldal[Minta Fix Oldalon]"))>1)*(INDIRECT("Fix_Oldal[Minta Fix Oldalon]")<>"Nincs"))),0) + IFERROR(ROWS(_xlfn._xlws.FILTER(INDIRECT("Mozgó_Oldal[Minta Mozgó Oldalon]"),(LEN(INDIRECT("Mozgó_Oldal[Minta Mozgó Oldalon]"))>1)*(INDIRECT("Mozgó_Oldal[Minta Mozgó Oldalon]")<>"Nincs"))),0)} -> 0 | O69: =_xlfn.XLOOKUP(Folyamat_Sor_Ajtólap[[#This Row],[Feladat Rövidnév]],Feladat_Egység_idő1[Feladat Rövidnév],Feladat_Egység_idő1[Egység idő],0,0,1) -> 0.004375 | P69: =_xlfn.XLOOKUP(Folyamat_Sor_Ajtólap[[#This Row],[Feladat Rövidnév]],Feladat_Egység_idő1[Feladat Rövidnév],Feladat_Egység_idő1[Humánerő],0,0,1) -> 1 | Q69: =Folyamat_Sor_Ajtólap[[#This Row],[DSMR]] & "-GyV-L.00" -> ProjektSzám-GyV-L.00 | R69: GyV-L.07 | S69: =Folyamat_Sor_Ajtólap[[#This Row],[DSMR]] & "-" & Folyamat_Sor_Ajtólap[[#This Row],[Szülő feladat Rővidnév]] -> ProjektSzám-GyV-L.07 | T69: SS | V69: 1
A70: =Projekt_Szám -> ProjektSzám | B70: GyV-L.09 | C70: =Folyamat_Sor_Ajtólap[[#This Row],[DSMR]] & "-" & Folyamat_Sor_Ajtólap[[#This Row],[Feladat Rövidnév]] -> ProjektSzám-GyV-L.09 | D70: =_xlfn.XLOOKUP(Folyamat_Sor_Ajtólap[[#This Row],[Feladat Rövidnév]],Feladat_Egység_idő1[Feladat Rövidnév],Feladat_Egység_idő1[Feladat leírás],0,0,1) -> Csiszolás | E70: =_xlfn.XLOOKUP(Folyamat_Sor_Ajtólap[[#This Row],[Feladat Rövidnév]],Feladat_Egység_idő1[Feladat Rövidnév],Feladat_Egység_idő1[Feladat leírás],0,0,1) -> Csiszolás | F70: =_xlfn.LET( _xlpm.megnevezés,"Ajtólap", IF(_xlpm.megnevezés=Folyamat_Sor_Ajtólap[[#This Row],[Megnevezés]],"",_xlpm.megnevezés) ) -> Ajtólap | G70: 09 | H70: Folyamat | I70: Terv szerint | J70: Gyártásvezetés | K70: Összeszerelő | N70: =SUM(INDIRECT("Ajtólap[Ajtólap száma]")) -> 0 | O70: =_xlfn.XLOOKUP(Folyamat_Sor_Ajtólap[[#This Row],[Feladat Rövidnév]],Feladat_Egység_idő1[Feladat Rövidnév],Feladat_Egység_idő1[Egység idő],0,0,1) -> 0.009375 | P70: =_xlfn.XLOOKUP(Folyamat_Sor_Ajtólap[[#This Row],[Feladat Rövidnév]],Feladat_Egység_idő1[Feladat Rövidnév],Feladat_Egység_idő1[Humánerő],0,0,1) -> 1 | Q70: =Folyamat_Sor_Ajtólap[[#This Row],[DSMR]] & "-GyV-L.00" -> ProjektSzám-GyV-L.00 | R70: GyV-L.07 | S70: =Folyamat_Sor_Ajtólap[[#This Row],[DSMR]] & "-" & Folyamat_Sor_Ajtólap[[#This Row],[Szülő feladat Rővidnév]] -> ProjektSzám-GyV-L.07 | T70: FS | V70: 1
A71: =Projekt_Szám -> ProjektSzám | B71: GyV-L.10 | C71: =Folyamat_Sor_Ajtólap[[#This Row],[DSMR]] & "-" & Folyamat_Sor_Ajtólap[[#This Row],[Feladat Rövidnév]] -> ProjektSzám-GyV-L.10 | D71: =_xlfn.XLOOKUP(Folyamat_Sor_Ajtólap[[#This Row],[Feladat Rövidnév]],Feladat_Egység_idő1[Feladat Rövidnév],Feladat_Egység_idő1[Feladat leírás],0,0,1) -> Fújás | E71: =_xlfn.XLOOKUP(Folyamat_Sor_Ajtólap[[#This Row],[Feladat Rövidnév]],Feladat_Egység_idő1[Feladat Rövidnév],Feladat_Egység_idő1[Feladat leírás],0,0,1) -> Fújás | F71: =_xlfn.LET( _xlpm.megnevezés,"Ajtólap", IF(_xlpm.megnevezés=Folyamat_Sor_Ajtólap[[#This Row],[Megnevezés]],"",_xlpm.megnevezés) ) -> Ajtólap | G71: 10 | H71: Folyamat | I71: Terv szerint | J71: Gyártásvezetés | K71: Összeszerelő | N71: =IF(COUNTIF(INDIRECT("Fix_Oldal[Felület Tipus Fix Oldalon]"),"Fóliás") < COUNTIF(INDIRECT("Mozgó_Oldal[Felület Tipus Mozgó Oldalon]"),"Fóliás"),COUNTIF(INDIRECT("Mozgó_Oldal[Felület Tipus Mozgó Oldalon]"),"Fóliás"),COUNTIF(INDIRECT("Fix_Oldal[Felület Tipus Fix Oldalon]"),"Fóliás")) -> 0 | O71: =_xlfn.XLOOKUP(Folyamat_Sor_Ajtólap[[#This Row],[Feladat Rövidnév]],Feladat_Egység_idő1[Feladat Rövidnév],Feladat_Egység_idő1[Egység idő],0,0,1) -> 0.0052777778 | P71: =_xlfn.XLOOKUP(Folyamat_Sor_Ajtólap[[#This Row],[Feladat Rövidnév]],Feladat_Egység_idő1[Feladat Rövidnév],Feladat_Egység_idő1[Humánerő],0,0,1) -> 2 | Q71: =Folyamat_Sor_Ajtólap[[#This Row],[DSMR]] & "-GyV-L.00" -> ProjektSzám-GyV-L.00 | R71: GyV-L.09 | S71: =Folyamat_Sor_Ajtólap[[#This Row],[DSMR]] & "-" & Folyamat_Sor_Ajtólap[[#This Row],[Szülő feladat Rővidnév]] -> ProjektSzám-GyV-L.09 | T71: SS | V71: 1
A72: =Projekt_Szám -> ProjektSzám | B72: GyV-L.11 | C72: =Folyamat_Sor_Ajtólap[[#This Row],[DSMR]] & "-" & Folyamat_Sor_Ajtólap[[#This Row],[Feladat Rövidnév]] -> ProjektSzám-GyV-L.11 | D72: =_xlfn.XLOOKUP(Folyamat_Sor_Ajtólap[[#This Row],[Feladat Rövidnév]],Feladat_Egység_idő1[Feladat Rövidnév],Feladat_Egység_idő1[Feladat leírás],0,0,1) -> Ragasztó csiszolás | E72: =_xlfn.XLOOKUP(Folyamat_Sor_Ajtólap[[#This Row],[Feladat Rövidnév]],Feladat_Egység_idő1[Feladat Rövidnév],Feladat_Egység_idő1[Feladat leírás],0,0,1) -> Ragasztó csiszolás | F72: =_xlfn.LET( _xlpm.megnevezés,"Ajtólap", IF(_xlpm.megnevezés=Folyamat_Sor_Ajtólap[[#This Row],[Megnevezés]],"",_xlpm.megnevezés) ) -> Ajtólap | G72: 11 | H72: Folyamat | I72: Terv szerint | J72: Gyártásvezetés | K72: Fóliázó | L72: Martin Zoltán | M72: Germán Milán | N72: =IF(COUNTIF(INDIRECT("Fix_Oldal[Felület Tipus Fix Oldalon]"),"Fóliás") < COUNTIF(INDIRECT("Mozgó_Oldal[Felület Tipus Mozgó Oldalon]"),"Fóliás"),COUNTIF(INDIRECT("Mozgó_Oldal[Felület Tipus Mozgó Oldalon]"),"Fóliás"),COUNTIF(INDIRECT("Fix_Oldal[Felület Tipus Fix Oldalon]"),"Fóliás")) -> 0 | O72: =_xlfn.XLOOKUP(Folyamat_Sor_Ajtólap[[#This Row],[Feladat Rövidnév]],Feladat_Egység_idő1[Feladat Rövidnév],Feladat_Egység_idő1[Egység idő],0,0,1) -> 0.014097222 | P72: =_xlfn.XLOOKUP(Folyamat_Sor_Ajtólap[[#This Row],[Feladat Rövidnév]],Feladat_Egység_idő1[Feladat Rövidnév],Feladat_Egység_idő1[Humánerő],0,0,1) -> 1 | Q72: =Folyamat_Sor_Ajtólap[[#This Row],[DSMR]] & "-GyV-L.00" -> ProjektSzám-GyV-L.00 | R72: GyV-L.10 | S72: =Folyamat_Sor_Ajtólap[[#This Row],[DSMR]] & "-" & Folyamat_Sor_Ajtólap[[#This Row],[Szülő feladat Rővidnév]] -> ProjektSzám-GyV-L.10 | T72: FS | V72: 1
A73: =Projekt_Szám -> ProjektSzám | B73: GyV-L.12 | C73: =Folyamat_Sor_Ajtólap[[#This Row],[DSMR]] & "-" & Folyamat_Sor_Ajtólap[[#This Row],[Feladat Rövidnév]] -> ProjektSzám-GyV-L.12 | D73: =_xlfn.XLOOKUP(Folyamat_Sor_Ajtólap[[#This Row],[Feladat Rövidnév]],Feladat_Egység_idő1[Feladat Rövidnév],Feladat_Egység_idő1[Feladat leírás],0,0,1) -> Fóliázás | E73: =_xlfn.XLOOKUP(Folyamat_Sor_Ajtólap[[#This Row],[Feladat Rövidnév]],Feladat_Egység_idő1[Feladat Rövidnév],Feladat_Egység_idő1[Feladat leírás],0,0,1) -> Fóliázás | F73: =_xlfn.LET( _xlpm.megnevezés,"Ajtólap", IF(_xlpm.megnevezés=Folyamat_Sor_Ajtólap[[#This Row],[Megnevezés]],"",_xlpm.megnevezés) ) -> Ajtólap | G73: 12 | H73: Folyamat | I73: Terv szerint | J73: Gyártásvezetés | K73: Fóliázó | L73: Martin Zoltán | M73: Germán Milán | N73: =IF(COUNTIF(INDIRECT("Fix_Oldal[Felület Tipus Fix Oldalon]"),"Fóliás") < COUNTIF(INDIRECT("Mozgó_Oldal[Felület Tipus Mozgó Oldalon]"),"Fóliás"),COUNTIF(INDIRECT("Mozgó_Oldal[Felület Tipus Mozgó Oldalon]"),"Fóliás"),COUNTIF(INDIRECT("Fix_Oldal[Felület Tipus Fix Oldalon]"),"Fóliás")) -> 0 | O73: =_xlfn.XLOOKUP(Folyamat_Sor_Ajtólap[[#This Row],[Feladat Rövidnév]],Feladat_Egység_idő1[Feladat Rövidnév],Feladat_Egység_idő1[Egység idő],0,0,1) -> 0.013472222 | P73: =_xlfn.XLOOKUP(Folyamat_Sor_Ajtólap[[#This Row],[Feladat Rövidnév]],Feladat_Egység_idő1[Feladat Rövidnév],Feladat_Egység_idő1[Humánerő],0,0,1) -> 2 | Q73: =Folyamat_Sor_Ajtólap[[#This Row],[DSMR]] & "-GyV-L.00" -> ProjektSzám-GyV-L.00 | R73: GyV-L.11 | S73: =Folyamat_Sor_Ajtólap[[#This Row],[DSMR]] & "-" & Folyamat_Sor_Ajtólap[[#This Row],[Szülő feladat Rővidnév]] -> ProjektSzám-GyV-L.11 | T73: SS | V73: 1
A74: =Projekt_Szám -> ProjektSzám | B74: GyV-L.13 | C74: =Folyamat_Sor_Ajtólap[[#This Row],[DSMR]] & "-" & Folyamat_Sor_Ajtólap[[#This Row],[Feladat Rövidnév]] -> ProjektSzám-GyV-L.13 | D74: =_xlfn.XLOOKUP(Folyamat_Sor_Ajtólap[[#This Row],[Feladat Rövidnév]],Feladat_Egység_idő1[Feladat Rövidnév],Feladat_Egység_idő1[Feladat leírás],0,0,1) -> Él-lécezés | E74: =_xlfn.XLOOKUP(Folyamat_Sor_Ajtólap[[#This Row],[Feladat Rövidnév]],Feladat_Egység_idő1[Feladat Rövidnév],Feladat_Egység_idő1[Feladat leírás],0,0,1) -> Él-lécezés | F74: =_xlfn.LET( _xlpm.megnevezés,"Ajtólap", IF(_xlpm.megnevezés=Folyamat_Sor_Ajtólap[[#This Row],[Megnevezés]],"",_xlpm.megnevezés) ) -> Ajtólap | G74: 13 | H74: Folyamat | I74: Terv szerint | J74: Gyártásvezetés | K74: Fóliázó | L74: Martin Zoltán | M74: Germán Milán | N74: =IF(COUNTIF(INDIRECT("Fix_Oldal[Felület Tipus Fix Oldalon]"),"Fóliás") < COUNTIF(INDIRECT("Mozgó_Oldal[Felület Tipus Mozgó Oldalon]"),"Fóliás"),COUNTIF(INDIRECT("Mozgó_Oldal[Felület Tipus Mozgó Oldalon]"),"Fóliás"),COUNTIF(INDIRECT("Fix_Oldal[Felület Tipus Fix Oldalon]"),"Fóliás")) -> 0 | O74: =_xlfn.XLOOKUP(Folyamat_Sor_Ajtólap[[#This Row],[Feladat Rövidnév]],Feladat_Egység_idő1[Feladat Rövidnév],Feladat_Egység_idő1[Egység idő],0,0,1) -> 0.010625 | P74: =_xlfn.XLOOKUP(Folyamat_Sor_Ajtólap[[#This Row],[Feladat Rövidnév]],Feladat_Egység_idő1[Feladat Rövidnév],Feladat_Egység_idő1[Humánerő],0,0,1) -> 1 | Q74: =Folyamat_Sor_Ajtólap[[#This Row],[DSMR]] & "-GyV-L.00" -> ProjektSzám-GyV-L.00 | R74: GyV-L.11 | S74: =Folyamat_Sor_Ajtólap[[#This Row],[DSMR]] & "-" & Folyamat_Sor_Ajtólap[[#This Row],[Szülő feladat Rővidnév]] -> ProjektSzám-GyV-L.11 | T74: SS | V74: 1
A75: =Projekt_Szám -> ProjektSzám | B75: GyV-L.14 | C75: =Folyamat_Sor_Ajtólap[[#This Row],[DSMR]] & "-" & Folyamat_Sor_Ajtólap[[#This Row],[Feladat Rövidnév]] -> ProjektSzám-GyV-L.14 | D75: =_xlfn.XLOOKUP(Folyamat_Sor_Ajtólap[[#This Row],[Feladat Rövidnév]],Feladat_Egység_idő1[Feladat Rövidnév],Feladat_Egység_idő1[Feladat leírás],0,0,1) -> Festőnél | E75: =_xlfn.XLOOKUP(Folyamat_Sor_Ajtólap[[#This Row],[Feladat Rövidnév]],Feladat_Egység_idő1[Feladat Rövidnév],Feladat_Egység_idő1[Feladat leírás],0,0,1) -> Festőnél | F75: =_xlfn.LET( _xlpm.megnevezés,"Ajtólap", IF(_xlpm.megnevezés=Folyamat_Sor_Ajtólap[[#This Row],[Megnevezés]],"",_xlpm.megnevezés) ) -> Ajtólap | G75: 14 | H75: ToDu | I75: Terv szerint | J75: Gyártásvezetés | K75: Összeszerelő | N75: =IF(COUNTIF(INDIRECT("Fix_Oldal[Felület Tipus Fix Oldalon]"),"Festett") < COUNTIF(INDIRECT("Mozgó_Oldal[Felület Tipus Mozgó Oldalon]"),"Festett"),COUNTIF(INDIRECT("Mozgó_Oldal[Felület Tipus Mozgó Oldalon]"),"Festett"),COUNTIF(INDIRECT("Fix_Oldal[Felület Tipus Fix Oldalon]"),"Festett")) -> 0 | O75: =_xlfn.XLOOKUP(Folyamat_Sor_Ajtólap[[#This Row],[Feladat Rövidnév]],Feladat_Egység_idő1[Feladat Rövidnév],Feladat_Egység_idő1[Egység idő],0,0,1) -> 0.041666667 | P75: =_xlfn.XLOOKUP(Folyamat_Sor_Ajtólap[[#This Row],[Feladat Rövidnév]],Feladat_Egység_idő1[Feladat Rövidnév],Feladat_Egység_idő1[Humánerő],0,0,1) -> 1 | Q75: =Folyamat_Sor_Ajtólap[[#This Row],[DSMR]] & "-GyV-L.00" -> ProjektSzám-GyV-L.00 | R75: GyV-L.07 | S75: =Folyamat_Sor_Ajtólap[[#This Row],[DSMR]] & "-" & Folyamat_Sor_Ajtólap[[#This Row],[Szülő feladat Rővidnév]] -> ProjektSzám-GyV-L.07 | T75: FS | V75: 1
A76: =Projekt_Szám -> ProjektSzám | B76: GyV-L.15 | C76: =Folyamat_Sor_Ajtólap[[#This Row],[DSMR]] & "-" & Folyamat_Sor_Ajtólap[[#This Row],[Feladat Rövidnév]] -> ProjektSzám-GyV-L.15 | D76: =_xlfn.XLOOKUP(Folyamat_Sor_Ajtólap[[#This Row],[Feladat Rövidnév]],Feladat_Egység_idő1[Feladat Rövidnév],Feladat_Egység_idő1[Feladat leírás],0,0,1) -> Festőtöl viszahozzva | E76: =_xlfn.XLOOKUP(Folyamat_Sor_Ajtólap[[#This Row],[Feladat Rövidnév]],Feladat_Egység_idő1[Feladat Rövidnév],Feladat_Egység_idő1[Feladat leírás],0,0,1) -> Festőtöl viszahozzva | F76: =_xlfn.LET( _xlpm.megnevezés,"Ajtólap", IF(_xlpm.megnevezés=Folyamat_Sor_Ajtólap[[#This Row],[Megnevezés]],"",_xlpm.megnevezés) ) -> Ajtólap | G76: 15 | H76: ToDu | I76: Terv szerint | J76: Gyártásvezetés | K76: Összeszerelő | N76: =IF(COUNTIF(INDIRECT("Fix_Oldal[Felület Tipus Fix Oldalon]"),"Festett") < COUNTIF(INDIRECT("Mozgó_Oldal[Felület Tipus Mozgó Oldalon]"),"Festett"),COUNTIF(INDIRECT("Mozgó_Oldal[Felület Tipus Mozgó Oldalon]"),"Festett"),COUNTIF(INDIRECT("Fix_Oldal[Felület Tipus Fix Oldalon]"),"Festett")) -> 0 | O76: =_xlfn.XLOOKUP(Folyamat_Sor_Ajtólap[[#This Row],[Feladat Rövidnév]],Feladat_Egység_idő1[Feladat Rövidnév],Feladat_Egység_idő1[Egység idő],0,0,1) -> 0.041666667 | P76: =_xlfn.XLOOKUP(Folyamat_Sor_Ajtólap[[#This Row],[Feladat Rövidnév]],Feladat_Egység_idő1[Feladat Rövidnév],Feladat_Egység_idő1[Humánerő],0,0,1) -> 1 | Q76: =Folyamat_Sor_Ajtólap[[#This Row],[DSMR]] & "-GyV-L.00" -> ProjektSzám-GyV-L.00 | R76: GyV-L.13.01 | S76: =Folyamat_Sor_Ajtólap[[#This Row],[DSMR]] & "-" & Folyamat_Sor_Ajtólap[[#This Row],[Szülő feladat Rővidnév]] -> ProjektSzám-GyV-L.13.01 | T76: FS | U76: 4 | V76: 1
A77: =Projekt_Szám -> ProjektSzám | B77: GyV-L.16 | C77: =Folyamat_Sor_Ajtólap[[#This Row],[DSMR]] & "-" & Folyamat_Sor_Ajtólap[[#This Row],[Feladat Rövidnév]] -> ProjektSzám-GyV-L.16 | D77: =_xlfn.XLOOKUP(Folyamat_Sor_Ajtólap[[#This Row],[Feladat Rövidnév]],Feladat_Egység_idő1[Feladat Rövidnév],Feladat_Egység_idő1[Feladat leírás],0,0,1) -> CNC Pánt-zár | E77: =_xlfn.XLOOKUP(Folyamat_Sor_Ajtólap[[#This Row],[Feladat Rövidnév]],Feladat_Egység_idő1[Feladat Rövidnév],Feladat_Egység_idő1[Feladat leírás],0,0,1) -> CNC Pánt-zár | F77: =_xlfn.LET( _xlpm.megnevezés,"Ajtólap", IF(_xlpm.megnevezés=Folyamat_Sor_Ajtólap[[#This Row],[Megnevezés]],"",_xlpm.megnevezés) ) -> Ajtólap | G77: 16 | H77: Folyamat | I77: Terv szerint | J77: Gyártásvezetés | K77: CNC | L77: Dancsik János | N77: =SUM(INDIRECT("Ajtólap[Ajtólap száma]")) -> 0 | O77: =_xlfn.XLOOKUP(Folyamat_Sor_Ajtólap[[#This Row],[Feladat Rövidnév]],Feladat_Egység_idő1[Feladat Rövidnév],Feladat_Egység_idő1[Egység idő],0,0,1) -> 0.011666667 | P77: =_xlfn.XLOOKUP(Folyamat_Sor_Ajtólap[[#This Row],[Feladat Rövidnév]],Feladat_Egység_idő1[Feladat Rövidnév],Feladat_Egység_idő1[Humánerő],0,0,1) -> 1 | Q77: =Folyamat_Sor_Ajtólap[[#This Row],[DSMR]] & "-GyV-L.00" -> ProjektSzám-GyV-L.00 | R77: =IF(_xlfn.XLOOKUP("GyV-L.13.01",Folyamat_Sor_Ajtólap[Feladat Rövidnév],Folyamat_Sor_Ajtólap[Volumen],0,0,1)<=0,"GyV-L.13","GyV-L.13.02") -> GyV-L.13 | S77: =Folyamat_Sor_Ajtólap[[#This Row],[DSMR]] & "-" & Folyamat_Sor_Ajtólap[[#This Row],[Szülő feladat Rővidnév]] -> ProjektSzám-GyV-L.13 | T77: FS | V77: 1
A78: =Projekt_Szám -> ProjektSzám | B78: GyV-L.17 | C78: =Folyamat_Sor_Ajtólap[[#This Row],[DSMR]] & "-" & Folyamat_Sor_Ajtólap[[#This Row],[Feladat Rövidnév]] -> ProjektSzám-GyV-L.17 | D78: =_xlfn.XLOOKUP(Folyamat_Sor_Ajtólap[[#This Row],[Feladat Rövidnév]],Feladat_Egység_idő1[Feladat Rövidnév],Feladat_Egység_idő1[Feladat leírás],0,0,1) -> Csomagolás | E78: =_xlfn.XLOOKUP(Folyamat_Sor_Ajtólap[[#This Row],[Feladat Rövidnév]],Feladat_Egység_idő1[Feladat Rövidnév],Feladat_Egység_idő1[Feladat leírás],0,0,1) -> Csomagolás | F78: =_xlfn.LET( _xlpm.megnevezés,"Ajtólap", IF(_xlpm.megnevezés=Folyamat_Sor_Ajtólap[[#This Row],[Megnevezés]],"",_xlpm.megnevezés) ) -> Ajtólap | G78: 17 | H78: Folyamat | I78: Terv szerint | J78: Gyártásvezetés | K78: Összeszerelő | N78: =SUM(INDIRECT("Ajtólap[Ajtólap száma]")) -> 0 | O78: =_xlfn.XLOOKUP(Folyamat_Sor_Ajtólap[[#This Row],[Feladat Rövidnév]],Feladat_Egység_idő1[Feladat Rövidnév],Feladat_Egység_idő1[Egység idő],0,0,1) -> 0.0069444444 | P78: =_xlfn.XLOOKUP(Folyamat_Sor_Ajtólap[[#This Row],[Feladat Rövidnév]],Feladat_Egység_idő1[Feladat Rövidnév],Feladat_Egység_idő1[Humánerő],0,0,1) -> 1 | Q78: =Folyamat_Sor_Ajtólap[[#This Row],[DSMR]] & "-GyV-L.00" -> ProjektSzám-GyV-L.00 | R78: GyV-L.14 | S78: =Folyamat_Sor_Ajtólap[[#This Row],[DSMR]] & "-" & Folyamat_Sor_Ajtólap[[#This Row],[Szülő feladat Rővidnév]] -> ProjektSzám-GyV-L.14 | T78: SS | V78: 1
B81: Termékek Tipus
B82: Síkban
B83: Tokba
B84: Dísztok
B85: Tokban Tok
B86: Sikban Tok
A91: DSMR | B91: Feladat Rövidnév | C91: Feladat ID | D91: Feladat leírás | E91: Megnevezés | F91: Főfeladat Megnevezése | G91: Sorszám | H91: Feladat Tipus | I91: Kockázat | J91: Részleg 02 | K91: Részleg 01 | L91: Felelős | M91: Támogató | N91: Volumen | O91: Egység idő | P91: Humánerő | Q91: Ősszefoglaló feladat ID | R91: Szülő feladat Rővidnév | S91: Szülő feladat ID | T91: Feladat Függöség Tipusa | U91: Feladat Késleltetés | V91: Feladat Elinditása Részleges készültség esetén | W91: Extra nap
A92: =Projekt_Szám -> ProjektSzám | B92: GyV-T.00 | C92: =Folyamat_Sor_Tokmag[[#This Row],[DSMR]] & "-" & Folyamat_Sor_Tokmag[[#This Row],[Feladat Rövidnév]] -> ProjektSzám-GyV-T.00 | D92: =_xlfn.XLOOKUP(Folyamat_Sor_Tokmag[[#This Row],[Feladat Rövidnév]],Feladat_Egység_idő1[Feladat Rövidnév],Feladat_Egység_idő1[Feladat leírás],0,0,1) -> Tok | E92: =_xlfn.XLOOKUP(Folyamat_Sor_Tokmag[[#This Row],[Feladat Rövidnév]],Feladat_Egység_idő1[Feladat Rövidnév],Feladat_Egység_idő1[Feladat leírás],0,0,1) -> Tok | F92: =_xlfn.LET( _xlpm.megnevezés,"Tok", IF(_xlpm.megnevezés=Folyamat_Sor_Tokmag[[#This Row],[Megnevezés]],"",_xlpm.megnevezés) ) | G92: 00 | H92: Összetett folyamat | I92: Terv szerint | J92: Gyártásvezetés | N92: =IF(SUM(N93:N101)>0,1,0) -> 0 | O92: =_xlfn.XLOOKUP(Folyamat_Sor_Tokmag[[#This Row],[Feladat Rövidnév]],Feladat_Egység_idő1[Feladat Rövidnév],Feladat_Egység_idő1[Egység idő],0,0,1) -> 0 | P92: =_xlfn.XLOOKUP(Folyamat_Sor_Tokmag[[#This Row],[Feladat Rövidnév]],Feladat_Egység_idő1[Feladat Rövidnév],Feladat_Egység_idő1[Humánerő],0,0,1) -> 0 | R92: GyI-E.00 | S92: =Folyamat_Sor_Tokmag[[#This Row],[DSMR]] & "-" & Folyamat_Sor_Tokmag[[#This Row],[Szülő feladat Rővidnév]] -> ProjektSzám-GyI-E.00 | T92: FS | U92: 4 | V92: 1 | W92: 6
A93: =Projekt_Szám -> ProjektSzám | B93: GyV-T.01 | C93: =Folyamat_Sor_Tokmag[[#This Row],[DSMR]] & "-" & Folyamat_Sor_Tokmag[[#This Row],[Feladat Rövidnév]] -> ProjektSzám-GyV-T.01 | D93: =_xlfn.XLOOKUP(Folyamat_Sor_Tokmag[[#This Row],[Feladat Rövidnév]],Feladat_Egység_idő1[Feladat Rövidnév],Feladat_Egység_idő1[Feladat leírás],0,0,1) -> 22-es Szabás | E93: =_xlfn.XLOOKUP(Folyamat_Sor_Tokmag[[#This Row],[Feladat Rövidnév]],Feladat_Egység_idő1[Feladat Rövidnév],Feladat_Egység_idő1[Feladat leírás],0,0,1) -> 22-es Szabás | F93: =_xlfn.LET( _xlpm.megnevezés,"Tok", IF(_xlpm.megnevezés=Folyamat_Sor_Tokmag[[#This Row],[Megnevezés]],"",_xlpm.megnevezés) ) -> Tok | G93: 01 | H93: Folyamat | I93: Terv szerint | J93: Gyártásvezetés | K93: Asztalos | L93: Geröcs István | M93: Berei János | N93: {=SUM(_xlfn._xlws.FILTER(Szabászat[Darab],(ISNUMBER(SEARCH("Tokmag",Szabászat[Alkatrész Megnevezése]))) * (FALSE=ISNUMBER(SEARCH("TU",Szabászat[Tipus]))),0))} -> 0 | O93: =_xlfn.XLOOKUP(Folyamat_Sor_Tokmag[[#This Row],[Feladat Rövidnév]],Feladat_Egység_idő1[Feladat Rövidnév],Feladat_Egység_idő1[Egység idő],0,0,1) -> 0.0015625 | P93: =_xlfn.XLOOKUP(Folyamat_Sor_Tokmag[[#This Row],[Feladat Rövidnév]],Feladat_Egység_idő1[Feladat Rövidnév],Feladat_Egység_idő1[Humánerő],0,0,1) -> 2 | Q93: =Folyamat_Sor_Tokmag[[#This Row],[DSMR]] & "-GyV-T.00" -> ProjektSzám-GyV-T.00 | R93: GyV-T.00 | S93: =Folyamat_Sor_Tokmag[[#This Row],[DSMR]] & "-" & Folyamat_Sor_Tokmag[[#This Row],[Szülő feladat Rővidnév]] -> ProjektSzám-GyV-T.00 | T93: SS | V93: 1
A94: =Projekt_Szám -> ProjektSzám | B94: GyV-T.02 | C94: =Folyamat_Sor_Tokmag[[#This Row],[DSMR]] & "-" & Folyamat_Sor_Tokmag[[#This Row],[Feladat Rövidnév]] -> ProjektSzám-GyV-T.02 | D94: =_xlfn.XLOOKUP(Folyamat_Sor_Tokmag[[#This Row],[Feladat Rövidnév]],Feladat_Egység_idő1[Feladat Rövidnév],Feladat_Egység_idő1[Feladat leírás],0,0,1) -> Marás | E94: =_xlfn.XLOOKUP(Folyamat_Sor_Tokmag[[#This Row],[Feladat Rövidnév]],Feladat_Egység_idő1[Feladat Rövidnév],Feladat_Egység_idő1[Feladat leírás],0,0,1) -> Marás | F94: =_xlfn.LET( _xlpm.megnevezés,"Tok", IF(_xlpm.megnevezés=Folyamat_Sor_Tokmag[[#This Row],[Megnevezés]],"",_xlpm.megnevezés) ) -> Tok | G94: 02 | H94: Folyamat | I94: Terv szerint | J94: Gyártásvezetés | K94: Asztalos | L94: Dancsik János | N94: {=SUM(_xlfn._xlws.FILTER(Szabászat[Darab],(ISNUMBER(SEARCH("Tokmag",Szabászat[Alkatrész Megnevezése]))) * (FALSE=ISNUMBER(SEARCH("TU",Szabászat[Tipus]))),0))} -> 0 | O94: =_xlfn.XLOOKUP(Folyamat_Sor_Tokmag[[#This Row],[Feladat Rövidnév]],Feladat_Egység_idő1[Feladat Rövidnév],Feladat_Egység_idő1[Egység idő],0,0,1) -> 0.0022800926 | P94: =_xlfn.XLOOKUP(Folyamat_Sor_Tokmag[[#This Row],[Feladat Rövidnév]],Feladat_Egység_idő1[Feladat Rövidnév],Feladat_Egység_idő1[Humánerő],0,0,1) -> 1 | Q94: =Folyamat_Sor_Tokmag[[#This Row],[DSMR]] & "-GyV-T.00" -> ProjektSzám-GyV-T.00 | R94: GyV-T.00 | S94: =Folyamat_Sor_Tokmag[[#This Row],[DSMR]] & "-" & Folyamat_Sor_Tokmag[[#This Row],[Szülő feladat Rővidnév]] -> ProjektSzám-GyV-T.00 | T94: SS | V94: 1
A95: =Projekt_Szám -> ProjektSzám | B95: GyV-T.03 | C95: =Folyamat_Sor_Tokmag[[#This Row],[DSMR]] & "-" & Folyamat_Sor_Tokmag[[#This Row],[Feladat Rövidnév]] -> ProjektSzám-GyV-T.03 | D95: =_xlfn.XLOOKUP(Folyamat_Sor_Tokmag[[#This Row],[Feladat Rövidnév]],Feladat_Egység_idő1[Feladat Rövidnév],Feladat_Egység_idő1[Feladat leírás],0,0,1) -> Gérvágás | E95: =_xlfn.XLOOKUP(Folyamat_Sor_Tokmag[[#This Row],[Feladat Rövidnév]],Feladat_Egység_idő1[Feladat Rövidnév],Feladat_Egység_idő1[Feladat leírás],0,0,1) -> Gérvágás | F95: =_xlfn.LET( _xlpm.megnevezés,"Tok", IF(_xlpm.megnevezés=Folyamat_Sor_Tokmag[[#This Row],[Megnevezés]],"",_xlpm.megnevezés) ) -> Tok | G95: 03 | H95: Folyamat | I95: Terv szerint | J95: Gyártásvezetés | K95: Asztalos | L95: Geröcs István | M95: Berei János | N95: {=SUM(_xlfn._xlws.FILTER(Szabászat[Darab],(ISNUMBER(SEARCH("Tokmag",Szabászat[Alkatrész Megnevezése]))) * (FALSE=ISNUMBER(SEARCH("TU",Szabászat[Tipus]))),0))} -> 0 | O95: =_xlfn.XLOOKUP(Folyamat_Sor_Tokmag[[#This Row],[Feladat Rövidnév]],Feladat_Egység_idő1[Feladat Rövidnév],Feladat_Egység_idő1[Egység idő],0,0,1) -> 0.0028819444 | P95: =_xlfn.XLOOKUP(Folyamat_Sor_Tokmag[[#This Row],[Feladat Rövidnév]],Feladat_Egység_idő1[Feladat Rövidnév],Feladat_Egység_idő1[Humánerő],0,0,1) -> 1 | Q95: =Folyamat_Sor_Tokmag[[#This Row],[DSMR]] & "-GyV-T.00" -> ProjektSzám-GyV-T.00 | R95: GyV-T.00 | S95: =Folyamat_Sor_Tokmag[[#This Row],[DSMR]] & "-" & Folyamat_Sor_Tokmag[[#This Row],[Szülő feladat Rővidnév]] -> ProjektSzám-GyV-T.00 | T95: SS | V95: 1
A96: =Projekt_Szám -> ProjektSzám | B96: GyV-T.04 | C96: =Folyamat_Sor_Tokmag[[#This Row],[DSMR]] & "-" & Folyamat_Sor_Tokmag[[#This Row],[Feladat Rövidnév]] -> ProjektSzám-GyV-T.04 | D96: =_xlfn.XLOOKUP(Folyamat_Sor_Tokmag[[#This Row],[Feladat Rövidnév]],Feladat_Egység_idő1[Feladat Rövidnév],Feladat_Egység_idő1[Feladat leírás],0,0,1) -> Tok kapocs | E96: =_xlfn.XLOOKUP(Folyamat_Sor_Tokmag[[#This Row],[Feladat Rövidnév]],Feladat_Egység_idő1[Feladat Rövidnév],Feladat_Egység_idő1[Feladat leírás],0,0,1) -> Tok kapocs | F96: =_xlfn.LET( _xlpm.megnevezés,"Tok", IF(_xlpm.megnevezés=Folyamat_Sor_Tokmag[[#This Row],[Megnevezés]],"",_xlpm.megnevezés) ) -> Tok | G96: 04 | H96: Folyamat | I96: Terv szerint | J96: Gyártásvezetés | K96: Összeszerelő | N96: {=SUM(_xlfn._xlws.FILTER(Szabászat[Darab],(ISNUMBER(SEARCH("Tokmag",Szabászat[Alkatrész Megnevezése]))) * (FALSE=ISNUMBER(SEARCH("TU",Szabászat[Tipus]))),0))} -> 0 | O96: =_xlfn.XLOOKUP(Folyamat_Sor_Tokmag[[#This Row],[Feladat Rövidnév]],Feladat_Egység_idő1[Feladat Rövidnév],Feladat_Egység_idő1[Egység idő],0,0,1) -> 0.0014467593 | P96: =_xlfn.XLOOKUP(Folyamat_Sor_Tokmag[[#This Row],[Feladat Rövidnév]],Feladat_Egység_idő1[Feladat Rövidnév],Feladat_Egység_idő1[Humánerő],0,0,1) -> 1 | Q96: =Folyamat_Sor_Tokmag[[#This Row],[DSMR]] & "-GyV-T.00" -> ProjektSzám-GyV-T.00 | R96: GyV-T.03 | S96: =Folyamat_Sor_Tokmag[[#This Row],[DSMR]] & "-" & Folyamat_Sor_Tokmag[[#This Row],[Szülő feladat Rővidnév]] -> ProjektSzám-GyV-T.03 | T96: FS | V96: 1
A97: =Projekt_Szám -> ProjektSzám | B97: GyV-T.05 | C97: =Folyamat_Sor_Tokmag[[#This Row],[DSMR]] & "-" & Folyamat_Sor_Tokmag[[#This Row],[Feladat Rövidnév]] -> ProjektSzám-GyV-T.05 | D97: =_xlfn.XLOOKUP(Folyamat_Sor_Tokmag[[#This Row],[Feladat Rövidnév]],Feladat_Egység_idő1[Feladat Rövidnév],Feladat_Egység_idő1[Feladat leírás],0,0,1) -> Csiszolás | E97: =_xlfn.XLOOKUP(Folyamat_Sor_Tokmag[[#This Row],[Feladat Rövidnév]],Feladat_Egység_idő1[Feladat Rövidnév],Feladat_Egység_idő1[Feladat leírás],0,0,1) -> Csiszolás | F97: =_xlfn.LET( _xlpm.megnevezés,"Tok", IF(_xlpm.megnevezés=Folyamat_Sor_Tokmag[[#This Row],[Megnevezés]],"",_xlpm.megnevezés) ) -> Tok | G97: 05 | H97: Folyamat | I97: Terv szerint | J97: Gyártásvezetés | K97: Összeszerelő | N97: {=SUM(_xlfn._xlws.FILTER(Szabászat[Darab],(ISNUMBER(SEARCH("Tokmag",Szabászat[Alkatrész Megnevezése]))) * (FALSE=ISNUMBER(SEARCH("TU",Szabászat[Tipus]))),0))} -> 0 | O97: =_xlfn.XLOOKUP(Folyamat_Sor_Tokmag[[#This Row],[Feladat Rövidnév]],Feladat_Egység_idő1[Feladat Rövidnév],Feladat_Egység_idő1[Egység idő],0,0,1) -> 0.0040509259 | P97: =_xlfn.XLOOKUP(Folyamat_Sor_Tokmag[[#This Row],[Feladat Rövidnév]],Feladat_Egység_idő1[Feladat Rövidnév],Feladat_Egység_idő1[Humánerő],0,0,1) -> 1 | Q97: =Folyamat_Sor_Tokmag[[#This Row],[DSMR]] & "-GyV-T.00" -> ProjektSzám-GyV-T.00 | R97: GyV-T.04 | S97: =Folyamat_Sor_Tokmag[[#This Row],[DSMR]] & "-" & Folyamat_Sor_Tokmag[[#This Row],[Szülő feladat Rővidnév]] -> ProjektSzám-GyV-T.04 | T97: SS | V97: 1
A98: =Projekt_Szám -> ProjektSzám | B98: GyV-T.06 | C98: =Folyamat_Sor_Tokmag[[#This Row],[DSMR]] & "-" & Folyamat_Sor_Tokmag[[#This Row],[Feladat Rövidnév]] -> ProjektSzám-GyV-T.06 | D98: =_xlfn.XLOOKUP(Folyamat_Sor_Tokmag[[#This Row],[Feladat Rövidnév]],Feladat_Egység_idő1[Feladat Rövidnév],Feladat_Egység_idő1[Feladat leírás],0,0,1) -> Fújás | E98: =_xlfn.XLOOKUP(Folyamat_Sor_Tokmag[[#This Row],[Feladat Rövidnév]],Feladat_Egység_idő1[Feladat Rövidnév],Feladat_Egység_idő1[Feladat leírás],0,0,1) -> Fújás | F98: =_xlfn.LET( _xlpm.megnevezés,"Tok", IF(_xlpm.megnevezés=Folyamat_Sor_Tokmag[[#This Row],[Megnevezés]],"",_xlpm.megnevezés) ) -> Tok | G98: 06 | H98: Folyamat | I98: Terv szerint | J98: Gyártásvezetés | K98: Összeszerelő | N98: {=SUM(_xlfn._xlws.FILTER(Szabászat[Darab],(ISNUMBER(SEARCH("Tokmag",Szabászat[Alkatrész Megnevezése]))) * (Szabászat[Felület tipus]=Folyamt_Fóliázás_Tipus_Név) * (FALSE=ISNUMBER(SEARCH("TU",Szabászat[Tipus]))),0))} -> 0 | O98: =_xlfn.XLOOKUP(Folyamat_Sor_Tokmag[[#This Row],[Feladat Rövidnév]],Feladat_Egység_idő1[Feladat Rövidnév],Feladat_Egység_idő1[Egység idő],0,0,1) -> 0.0015162037 | P98: =_xlfn.XLOOKUP(Folyamat_Sor_Tokmag[[#This Row],[Feladat Rövidnév]],Feladat_Egység_idő1[Feladat Rövidnév],Feladat_Egység_idő1[Humánerő],0,0,1) -> 1 | Q98: =Folyamat_Sor_Tokmag[[#This Row],[DSMR]] & "-GyV-T.00" -> ProjektSzám-GyV-T.00 | R98: GyV-T.04 | S98: =Folyamat_Sor_Tokmag[[#This Row],[DSMR]] & "-" & Folyamat_Sor_Tokmag[[#This Row],[Szülő feladat Rővidnév]] -> ProjektSzám-GyV-T.04 | T98: SS | V98: 1
A99: =Projekt_Szám -> ProjektSzám | B99: GyV-T.07 | C99: =Folyamat_Sor_Tokmag[[#This Row],[DSMR]] & "-" & Folyamat_Sor_Tokmag[[#This Row],[Feladat Rövidnév]] -> ProjektSzám-GyV-T.07 | D99: =_xlfn.XLOOKUP(Folyamat_Sor_Tokmag[[#This Row],[Feladat Rövidnév]],Feladat_Egység_idő1[Feladat Rövidnév],Feladat_Egység_idő1[Feladat leírás],0,0,1) -> Ragasztó Csiszolás | E99: =_xlfn.XLOOKUP(Folyamat_Sor_Tokmag[[#This Row],[Feladat Rövidnév]],Feladat_Egység_idő1[Feladat Rövidnév],Feladat_Egység_idő1[Feladat leírás],0,0,1) -> Ragasztó Csiszolás | F99: =_xlfn.LET( _xlpm.megnevezés,"Tok", IF(_xlpm.megnevezés=Folyamat_Sor_Tokmag[[#This Row],[Megnevezés]],"",_xlpm.megnevezés) ) -> Tok | G99: 07 | H99: Folyamat | I99: Terv szerint | J99: Gyártásvezetés | K99: Fóliázó | L99: Martin Zoltán | M99: Germán Milán | N99: {=SUM(_xlfn._xlws.FILTER(Szabászat[Darab],(ISNUMBER(SEARCH("Tokmag",Szabászat[Alkatrész Megnevezése])))*(Szabászat[Felület tipus]=Folyamt_Fóliázás_Tipus_Név),0))} -> 0 | O99: =_xlfn.XLOOKUP(Folyamat_Sor_Tokmag[[#This Row],[Feladat Rövidnév]],Feladat_Egység_idő1[Feladat Rövidnév],Feladat_Egység_idő1[Egység idő],0,0,1) -> 0.0015162037 | P99: =_xlfn.XLOOKUP(Folyamat_Sor_Tokmag[[#This Row],[Feladat Rövidnév]],Feladat_Egység_idő1[Feladat Rövidnév],Feladat_Egység_idő1[Humánerő],0,0,1) -> 1 | Q99: =Folyamat_Sor_Tokmag[[#This Row],[DSMR]] & "-GyV-T.00" -> ProjektSzám-GyV-T.00 | R99: GyV-T.06 | S99: =Folyamat_Sor_Tokmag[[#This Row],[DSMR]] & "-" & Folyamat_Sor_Tokmag[[#This Row],[Szülő feladat Rővidnév]] -> ProjektSzám-GyV-T.06 | T99: FS | V99: 1
A100: =Projekt_Szám -> ProjektSzám | B100: GyV-T.08 | C100: =Folyamat_Sor_Tokmag[[#This Row],[DSMR]] & "-" & Folyamat_Sor_Tokmag[[#This Row],[Feladat Rövidnév]] -> ProjektSzám-GyV-T.08 | D100: =_xlfn.XLOOKUP(Folyamat_Sor_Tokmag[[#This Row],[Feladat Rövidnév]],Feladat_Egység_idő1[Feladat Rövidnév],Feladat_Egység_idő1[Feladat leírás],0,0,1) -> Fóliázás | E100: =_xlfn.XLOOKUP(Folyamat_Sor_Tokmag[[#This Row],[Feladat Rövidnév]],Feladat_Egység_idő1[Feladat Rövidnév],Feladat_Egység_idő1[Feladat leírás],0,0,1) -> Fóliázás | F100: =_xlfn.LET( _xlpm.megnevezés,"Tok", IF(_xlpm.megnevezés=Folyamat_Sor_Tokmag[[#This Row],[Megnevezés]],"",_xlpm.megnevezés) ) -> Tok | G100: 08 | H100: Folyamat | I100: Terv szerint | J100: Gyártásvezetés | K100: Fóliázó | L100: Martin Zoltán | M100: Germán Milán | N100: {=SUM(_xlfn._xlws.FILTER(Szabászat[Darab],(ISNUMBER(SEARCH("Tokmag",Szabászat[Alkatrész Megnevezése])))*(Szabászat[Felület tipus]=Folyamt_Fóliázás_Tipus_Név),0))} -> 0 | O100: =_xlfn.XLOOKUP(Folyamat_Sor_Tokmag[[#This Row],[Feladat Rövidnév]],Feladat_Egység_idő1[Feladat Rövidnév],Feladat_Egység_idő1[Egység idő],0,0,1) -> 0.0019675926 | P100: =_xlfn.XLOOKUP(Folyamat_Sor_Tokmag[[#This Row],[Feladat Rövidnév]],Feladat_Egység_idő1[Feladat Rövidnév],Feladat_Egység_idő1[Humánerő],0,0,1) -> 2 | Q100: =Folyamat_Sor_Tokmag[[#This Row],[DSMR]] & "-GyV-T.00" -> ProjektSzám-GyV-T.00 | R100: GyV-T.07 | S100: =Folyamat_Sor_Tokmag[[#This Row],[DSMR]] & "-" & Folyamat_Sor_Tokmag[[#This Row],[Szülő feladat Rővidnév]] -> ProjektSzám-GyV-T.07 | T100: SS | V100: 1
A101: =Projekt_Szám -> ProjektSzám | B101: GyV-T.09 | C101: =Folyamat_Sor_Tokmag[[#This Row],[DSMR]] & "-" & Folyamat_Sor_Tokmag[[#This Row],[Feladat Rövidnév]] -> ProjektSzám-GyV-T.09 | D101: =_xlfn.XLOOKUP(Folyamat_Sor_Tokmag[[#This Row],[Feladat Rövidnév]],Feladat_Egység_idő1[Feladat Rövidnév],Feladat_Egység_idő1[Feladat leírás],0,0,1) -> Kivágás | E101: =_xlfn.XLOOKUP(Folyamat_Sor_Tokmag[[#This Row],[Feladat Rövidnév]],Feladat_Egység_idő1[Feladat Rövidnév],Feladat_Egység_idő1[Feladat leírás],0,0,1) -> Kivágás | F101: =_xlfn.LET( _xlpm.megnevezés,"Tok", IF(_xlpm.megnevezés=Folyamat_Sor_Tokmag[[#This Row],[Megnevezés]],"",_xlpm.megnevezés) ) -> Tok | G101: 09 | H101: Folyamat | I101: Terv szerint | J101: Gyártásvezetés | K101: Fóliázó | L101: Martin Zoltán | M101: Germán Milán | N101: {=SUM(_xlfn._xlws.FILTER(Szabászat[Darab],(ISNUMBER(SEARCH("Tokmag",Szabászat[Alkatrész Megnevezése])))*(Szabászat[Felület tipus]=Folyamt_Fóliázás_Tipus_Név),0))} -> 0 | O101: =_xlfn.XLOOKUP(Folyamat_Sor_Tokmag[[#This Row],[Feladat Rövidnév]],Feladat_Egység_idő1[Feladat Rövidnév],Feladat_Egység_idő1[Egység idő],0,0,1) -> 0.0037384259 | P101: =_xlfn.XLOOKUP(Folyamat_Sor_Tokmag[[#This Row],[Feladat Rövidnév]],Feladat_Egység_idő1[Feladat Rövidnév],Feladat_Egység_idő1[Humánerő],0,0,1) -> 2 | Q101: =Folyamat_Sor_Tokmag[[#This Row],[DSMR]] & "-GyV-T.00" -> ProjektSzám-GyV-T.00 | R101: GyV-T.07 | S101: =Folyamat_Sor_Tokmag[[#This Row],[DSMR]] & "-" & Folyamat_Sor_Tokmag[[#This Row],[Szülő feladat Rővidnév]] -> ProjektSzám-GyV-T.07 | T101: SS | V101: 1
A102: =Projekt_Szám -> ProjektSzám | B102: GyV-T.10 | C102: =Folyamat_Sor_Tokmag[[#This Row],[DSMR]] & "-" & Folyamat_Sor_Tokmag[[#This Row],[Feladat Rövidnév]] -> ProjektSzám-GyV-T.10 | D102: =_xlfn.XLOOKUP(Folyamat_Sor_Tokmag[[#This Row],[Feladat Rövidnév]],Feladat_Egység_idő1[Feladat Rövidnév],Feladat_Egység_idő1[Feladat leírás],0,0,1) -> Festőnél | E102: =_xlfn.XLOOKUP(Folyamat_Sor_Tokmag[[#This Row],[Feladat Rövidnév]],Feladat_Egység_idő1[Feladat Rövidnév],Feladat_Egység_idő1[Feladat leírás],0,0,1) -> Festőnél | F102: =_xlfn.LET( _xlpm.megnevezés,"Tok", IF(_xlpm.megnevezés=Folyamat_Sor_Tokmag[[#This Row],[Megnevezés]],"",_xlpm.megnevezés) ) -> Tok | G102: 10 | H102: ToDu | I102: Terv szerint | J102: Gyártásvezetés | K102: Összeszerelő | N102: {=SUM(_xlfn._xlws.FILTER(Szabászat[Darab],(ISNUMBER(SEARCH("Tokmag",Szabászat[Alkatrész Megnevezése]))) * (Szabászat[Felület tipus]=Folyamt_Festés_Tipus_Név) * (FALSE=ISNUMBER(SEARCH("TU",Szabászat[Tipus]))),0))} -> 0 | O102: =_xlfn.XLOOKUP(Folyamat_Sor_Tokmag[[#This Row],[Feladat Rövidnév]],Feladat_Egység_idő1[Feladat Rövidnév],Feladat_Egység_idő1[Egység idő],0,0,1) -> 0.041666667 | P102: =_xlfn.XLOOKUP(Folyamat_Sor_Tokmag[[#This Row],[Feladat Rövidnév]],Feladat_Egység_idő1[Feladat Rövidnév],Feladat_Egység_idő1[Humánerő],0,0,1) -> 1 | Q102: =Folyamat_Sor_Tokmag[[#This Row],[DSMR]] & "-GyV-T.00" -> ProjektSzám-GyV-T.00 | R102: GyV-T.04 | S102: =Folyamat_Sor_Tokmag[[#This Row],[DSMR]] & "-" & Folyamat_Sor_Tokmag[[#This Row],[Szülő feladat Rővidnév]] -> ProjektSzám-GyV-T.04 | T102: FS | V102: 1
A103: =Projekt_Szám -> ProjektSzám | B103: GyV-T.11 | C103: =Folyamat_Sor_Tokmag[[#This Row],[DSMR]] & "-" & Folyamat_Sor_Tokmag[[#This Row],[Feladat Rövidnév]] -> ProjektSzám-GyV-T.11 | D103: =_xlfn.XLOOKUP(Folyamat_Sor_Tokmag[[#This Row],[Feladat Rövidnév]],Feladat_Egység_idő1[Feladat Rövidnév],Feladat_Egység_idő1[Feladat leírás],0,0,1) -> Festőtöl viszahozzva | E103: =_xlfn.XLOOKUP(Folyamat_Sor_Tokmag[[#This Row],[Feladat Rövidnév]],Feladat_Egység_idő1[Feladat Rövidnév],Feladat_Egység_idő1[Feladat leírás],0,0,1) -> Festőtöl viszahozzva | F103: =_xlfn.LET( _xlpm.megnevezés,"Tok", IF(_xlpm.megnevezés=Folyamat_Sor_Tokmag[[#This Row],[Megnevezés]],"",_xlpm.megnevezés) ) -> Tok | G103: 11 | H103: ToDu | I103: Terv szerint | J103: Gyártásvezetés | K103: Összeszerelő | N103: {=SUM(_xlfn._xlws.FILTER(Szabászat[Darab],(ISNUMBER(SEARCH("Tokmag",Szabászat[Alkatrész Megnevezése]))) * (Szabászat[Felület tipus]=Folyamt_Festés_Tipus_Név) * (FALSE=ISNUMBER(SEARCH("TU",Szabászat[Tipus]))),0))} -> 0 | O103: =_xlfn.XLOOKUP(Folyamat_Sor_Tokmag[[#This Row],[Feladat Rövidnév]],Feladat_Egység_idő1[Feladat Rövidnév],Feladat_Egység_idő1[Egység idő],0,0,1) -> 0.041666667 | P103: =_xlfn.XLOOKUP(Folyamat_Sor_Tokmag[[#This Row],[Feladat Rövidnév]],Feladat_Egység_idő1[Feladat Rövidnév],Feladat_Egység_idő1[Humánerő],0,0,1) -> 1 | Q103: =Folyamat_Sor_Tokmag[[#This Row],[DSMR]] & "-GyV-T.00" -> ProjektSzám-GyV-T.00 | R103: GyV-T.10 | S103: =Folyamat_Sor_Tokmag[[#This Row],[DSMR]] & "-" & Folyamat_Sor_Tokmag[[#This Row],[Szülő feladat Rővidnév]] -> ProjektSzám-GyV-T.10 | T103: FS | U103: 4 | V103: 1
B105: Termékek Tipus
B106: TUT Sikba
B107: TUS Tokba
A111: DSMR | B111: Feladat Rövidnév | C111: Feladat ID | D111: Feladat leírás | E111: Megnevezés | F111: Főfeladat Megnevezése | G111: Sorszám | H111: Feladat Tipus | I111: Kockázat | J111: Részleg 02 | K111: Részleg 01 | L111: Felelős | M111: Támogató | N111: Volumen | O111: Egység idő | P111: Humánerő | Q111: Ősszefoglaló feladat ID | R111: Szülő feladat Rővidnév | S111: Szülő feladat ID | T111: Feladat Függöség Tipusa | U111: Feladat Késleltetés | V111: Feladat Elinditása Részleges készültség esetén | W111: Extra nap
A112: =Projekt_Szám -> ProjektSzám | B112: GyV-TUT.00 | C112: =Folyamat_Sor_TokmagTU[[#This Row],[DSMR]] & "-" & Folyamat_Sor_TokmagTU[[#This Row],[Feladat Rövidnév]] -> ProjektSzám-GyV-TUT.00 | D112: =_xlfn.XLOOKUP(Folyamat_Sor_TokmagTU[[#This Row],[Feladat Rövidnév]],Feladat_Egység_idő1[Feladat Rövidnév],Feladat_Egység_idő1[Feladat leírás],0,0,1) -> TokmagTU | E112: =_xlfn.XLOOKUP(Folyamat_Sor_TokmagTU[[#This Row],[Feladat Rövidnév]],Feladat_Egység_idő1[Feladat Rövidnév],Feladat_Egység_idő1[Feladat leírás],0,0,1) -> TokmagTU | F112: =_xlfn.LET( _xlpm.megnevezés,"TokmagTU", IF(_xlpm.megnevezés=Folyamat_Sor_TokmagTU[[#This Row],[Megnevezés]],"",_xlpm.megnevezés) ) | G112: 00 | H112: Összetett folyamat | I112: Terv szerint | J112: Gyártásvezetés | N112: =IF(SUM(N113:N121)>0,1,0) -> 0 | O112: =_xlfn.XLOOKUP(Folyamat_Sor_TokmagTU[[#This Row],[Feladat Rövidnév]],Feladat_Egység_idő1[Feladat Rövidnév],Feladat_Egység_idő1[Egység idő],0,0,1) -> 0 | P112: =_xlfn.XLOOKUP(Folyamat_Sor_TokmagTU[[#This Row],[Feladat Rövidnév]],Feladat_Egység_idő1[Feladat Rövidnév],Feladat_Egység_idő1[Humánerő],0,0,1) -> 0 | R112: GyI-E.00 | S112: =Folyamat_Sor_TokmagTU[[#This Row],[DSMR]] & "-" & Folyamat_Sor_TokmagTU[[#This Row],[Szülő feladat Rővidnév]] -> ProjektSzám-GyI-E.00 | T112: FS | V112: 1 | W112: 4
A113: =Projekt_Szám -> ProjektSzám | B113: GyV-TUT.01 | C113: =Folyamat_Sor_TokmagTU[[#This Row],[DSMR]] & "-" & Folyamat_Sor_TokmagTU[[#This Row],[Feladat Rövidnév]] -> ProjektSzám-GyV-TUT.01 | D113: =_xlfn.XLOOKUP(Folyamat_Sor_TokmagTU[[#This Row],[Feladat Rövidnév]],Feladat_Egység_idő1[Feladat Rövidnév],Feladat_Egység_idő1[Feladat leírás],0,0,1) -> Fenyő-MDF szabás | E113: =_xlfn.XLOOKUP(Folyamat_Sor_TokmagTU[[#This Row],[Feladat Rövidnév]],Feladat_Egység_idő1[Feladat Rövidnév],Feladat_Egység_idő1[Feladat leírás],0,0,1) -> Fenyő-MDF szabás | F113: =_xlfn.LET( _xlpm.megnevezés,"TokmagTU", IF(_xlpm.megnevezés=Folyamat_Sor_TokmagTU[[#This Row],[Megnevezés]],"",_xlpm.megnevezés) ) -> TokmagTU | G113: 01 | H113: Folyamat | I113: Terv szerint | J113: Gyártásvezetés | K113: Asztalos | L113: Geröcs István | M113: Berei János | N113: {=SUM(_xlfn._xlws.FILTER(Szabászat[Darab],(ISNUMBER(SEARCH("Tokmag",Szabászat[Alkatrész Megnevezése]))) * (ISNUMBER(SEARCH("TU",Szabászat[Tipus]))),0))} -> 0 | O113: =_xlfn.XLOOKUP(Folyamat_Sor_TokmagTU[[#This Row],[Feladat Rövidnév]],Feladat_Egység_idő1[Feladat Rövidnév],Feladat_Egység_idő1[Egység idő],0,0,1) -> 0.0015625 | P113: =_xlfn.XLOOKUP(Folyamat_Sor_TokmagTU[[#This Row],[Feladat Rövidnév]],Feladat_Egység_idő1[Feladat Rövidnév],Feladat_Egység_idő1[Humánerő],0,0,1) -> 1 | Q113: GyV-TUT.00 | R113: GyV-TUT.00 | S113: =Folyamat_Sor_TokmagTU[[#This Row],[DSMR]] & "-" & Folyamat_Sor_TokmagTU[[#This Row],[Szülő feladat Rővidnév]] -> ProjektSzám-GyV-TUT.00 | T113: SS | V113: 1
A114: =Projekt_Szám -> ProjektSzám | B114: GyV-TUT.02 | C114: =Folyamat_Sor_TokmagTU[[#This Row],[DSMR]] & "-" & Folyamat_Sor_TokmagTU[[#This Row],[Feladat Rövidnév]] -> ProjektSzám-GyV-TUT.02 | D114: =_xlfn.XLOOKUP(Folyamat_Sor_TokmagTU[[#This Row],[Feladat Rövidnév]],Feladat_Egység_idő1[Feladat Rövidnév],Feladat_Egység_idő1[Feladat leírás],0,0,1) -> CNC Marás | E114: =_xlfn.XLOOKUP(Folyamat_Sor_TokmagTU[[#This Row],[Feladat Rövidnév]],Feladat_Egység_idő1[Feladat Rövidnév],Feladat_Egység_idő1[Feladat leírás],0,0,1) -> CNC Marás | F114: =_xlfn.LET( _xlpm.megnevezés,"TokmagTU", IF(_xlpm.megnevezés=Folyamat_Sor_TokmagTU[[#This Row],[Megnevezés]],"",_xlpm.megnevezés) ) -> TokmagTU | G114: 02 | H114: Folyamat | I114: Terv szerint | J114: Gyártásvezetés | K114: CNC | L114: Dancsik János | N114: {=SUM(_xlfn._xlws.FILTER(Szabászat[Darab],(ISNUMBER(SEARCH("Tokmag",Szabászat[Alkatrész Megnevezése]))) * (ISNUMBER(SEARCH("TU",Szabászat[Tipus]))),0))} -> 0 | O114: =_xlfn.XLOOKUP(Folyamat_Sor_TokmagTU[[#This Row],[Feladat Rövidnév]],Feladat_Egység_idő1[Feladat Rövidnév],Feladat_Egység_idő1[Egység idő],0,0,1) -> 0.0022800926 | P114: =_xlfn.XLOOKUP(Folyamat_Sor_TokmagTU[[#This Row],[Feladat Rövidnév]],Feladat_Egység_idő1[Feladat Rövidnév],Feladat_Egység_idő1[Humánerő],0,0,1) -> 1 | Q114: GyV-TUT.00 | R114: GyV-TUT.01 | S114: =Folyamat_Sor_TokmagTU[[#This Row],[DSMR]] & "-" & Folyamat_Sor_TokmagTU[[#This Row],[Szülő feladat Rővidnév]] -> ProjektSzám-GyV-TUT.01 | T114: FS | V114: 1
A115: =Projekt_Szám -> ProjektSzám | B115: GyV-TUT.03 | C115: =Folyamat_Sor_TokmagTU[[#This Row],[DSMR]] & "-" & Folyamat_Sor_TokmagTU[[#This Row],[Feladat Rövidnév]] -> ProjektSzám-GyV-TUT.03 | D115: =_xlfn.XLOOKUP(Folyamat_Sor_TokmagTU[[#This Row],[Feladat Rövidnév]],Feladat_Egység_idő1[Feladat Rövidnév],Feladat_Egység_idő1[Feladat leírás],0,0,1) -> Vissza vágás | E115: =_xlfn.XLOOKUP(Folyamat_Sor_TokmagTU[[#This Row],[Feladat Rövidnév]],Feladat_Egység_idő1[Feladat Rövidnév],Feladat_Egység_idő1[Feladat leírás],0,0,1) -> Vissza vágás | F115: =_xlfn.LET( _xlpm.megnevezés,"TokmagTU", IF(_xlpm.megnevezés=Folyamat_Sor_TokmagTU[[#This Row],[Megnevezés]],"",_xlpm.megnevezés) ) -> TokmagTU | G115: 03 | H115: Folyamat | I115: Terv szerint | J115: Gyártásvezetés | K115: Asztalos | L115: Geröcs István | M115: Berei János | N115: {=SUM(_xlfn._xlws.FILTER(Szabászat[Darab],(ISNUMBER(SEARCH("Tokmag",Szabászat[Alkatrész Megnevezése]))) * (ISNUMBER(SEARCH("TU",Szabászat[Tipus]))),0))} -> 0 | O115: =_xlfn.XLOOKUP(Folyamat_Sor_TokmagTU[[#This Row],[Feladat Rövidnév]],Feladat_Egység_idő1[Feladat Rövidnév],Feladat_Egység_idő1[Egység idő],0,0,1) -> 0.0014467593 | P115: =_xlfn.XLOOKUP(Folyamat_Sor_TokmagTU[[#This Row],[Feladat Rövidnév]],Feladat_Egység_idő1[Feladat Rövidnév],Feladat_Egység_idő1[Humánerő],0,0,1) -> 1 | Q115: GyV-TUT.00 | R115: GyV-TUT.02 | S115: =Folyamat_Sor_TokmagTU[[#This Row],[DSMR]] & "-" & Folyamat_Sor_TokmagTU[[#This Row],[Szülő feladat Rővidnév]] -> ProjektSzám-GyV-TUT.02 | T115: FS | V115: 1
A116: =Projekt_Szám -> ProjektSzám | B116: GyV-TUT.04 | C116: =Folyamat_Sor_TokmagTU[[#This Row],[DSMR]] & "-" & Folyamat_Sor_TokmagTU[[#This Row],[Feladat Rövidnév]] -> ProjektSzám-GyV-TUT.04 | D116: =_xlfn.XLOOKUP(Folyamat_Sor_TokmagTU[[#This Row],[Feladat Rövidnév]],Feladat_Egység_idő1[Feladat Rövidnév],Feladat_Egység_idő1[Feladat leírás],0,0,1) -> Csiszolás | E116: =_xlfn.XLOOKUP(Folyamat_Sor_TokmagTU[[#This Row],[Feladat Rövidnév]],Feladat_Egység_idő1[Feladat Rövidnév],Feladat_Egység_idő1[Feladat leírás],0,0,1) -> Csiszolás | F116: =_xlfn.LET( _xlpm.megnevezés,"TokmagTU", IF(_xlpm.megnevezés=Folyamat_Sor_TokmagTU[[#This Row],[Megnevezés]],"",_xlpm.megnevezés) ) -> TokmagTU | G116: 04 | H116: Folyamat | I116: Terv szerint | J116: Gyártásvezetés | K116: Összeszerelő | N116: {=SUM(_xlfn._xlws.FILTER(Szabászat[Darab],(ISNUMBER(SEARCH("Tokmag",Szabászat[Alkatrész Megnevezése]))) * (ISNUMBER(SEARCH("TU",Szabászat[Tipus]))),0))} -> 0 | O116: =_xlfn.XLOOKUP(Folyamat_Sor_TokmagTU[[#This Row],[Feladat Rövidnév]],Feladat_Egység_idő1[Feladat Rövidnév],Feladat_Egység_idő1[Egység idő],0,0,1) -> 0.0040509259 | P116: =_xlfn.XLOOKUP(Folyamat_Sor_TokmagTU[[#This Row],[Feladat Rövidnév]],Feladat_Egység_idő1[Feladat Rövidnév],Feladat_Egység_idő1[Humánerő],0,0,1) -> 1 | Q116: GyV-TUT.00 | R116: GyV-TUT.03 | S116: =Folyamat_Sor_TokmagTU[[#This Row],[DSMR]] & "-" & Folyamat_Sor_TokmagTU[[#This Row],[Szülő feladat Rővidnév]] -> ProjektSzám-GyV-TUT.03 | T116: FS | V116: 1
A117: =Projekt_Szám -> ProjektSzám | B117: GyV-TUT.05 | C117: =Folyamat_Sor_TokmagTU[[#This Row],[DSMR]] & "-" & Folyamat_Sor_TokmagTU[[#This Row],[Feladat Rövidnév]] -> ProjektSzám-GyV-TUT.05 | D117: =_xlfn.XLOOKUP(Folyamat_Sor_TokmagTU[[#This Row],[Feladat Rövidnév]],Feladat_Egység_idő1[Feladat Rövidnév],Feladat_Egység_idő1[Feladat leírás],0,0,1) -> Fújás | E117: =_xlfn.XLOOKUP(Folyamat_Sor_TokmagTU[[#This Row],[Feladat Rövidnév]],Feladat_Egység_idő1[Feladat Rövidnév],Feladat_Egység_idő1[Feladat leírás],0,0,1) -> Fújás | F117: =_xlfn.LET( _xlpm.megnevezés,"TokmagTU", IF(_xlpm.megnevezés=Folyamat_Sor_TokmagTU[[#This Row],[Megnevezés]],"",_xlpm.megnevezés) ) -> TokmagTU | G117: 05 | H117: Folyamat | I117: Terv szerint | J117: Gyártásvezetés | K117: Összeszerelő | N117: {=SUM(_xlfn._xlws.FILTER(Szabászat[Darab],(ISNUMBER(SEARCH("Tokmag",Szabászat[Alkatrész Megnevezése]))) * (Szabászat[Felület tipus]=Folyamt_Fóliázás_Tipus_Név) * (ISNUMBER(SEARCH("TU",Szabászat[Tipus]))),0))} -> 0 | O117: =_xlfn.XLOOKUP(Folyamat_Sor_TokmagTU[[#This Row],[Feladat Rövidnév]],Feladat_Egység_idő1[Feladat Rövidnév],Feladat_Egység_idő1[Egység idő],0,0,1) -> 0.0015162037 | P117: =_xlfn.XLOOKUP(Folyamat_Sor_TokmagTU[[#This Row],[Feladat Rövidnév]],Feladat_Egység_idő1[Feladat Rövidnév],Feladat_Egység_idő1[Humánerő],0,0,1) -> 1 | Q117: GyV-TUT.00 | R117: GyV-TUT.04 | S117: =Folyamat_Sor_TokmagTU[[#This Row],[DSMR]] & "-" & Folyamat_Sor_TokmagTU[[#This Row],[Szülő feladat Rővidnév]] -> ProjektSzám-GyV-TUT.04 | T117: SS | V117: 1
A118: =Projekt_Szám -> ProjektSzám | B118: GyV-TUT.06 | C118: =Folyamat_Sor_TokmagTU[[#This Row],[DSMR]] & "-" & Folyamat_Sor_TokmagTU[[#This Row],[Feladat Rövidnév]] -> ProjektSzám-GyV-TUT.06 | D118: =_xlfn.XLOOKUP(Folyamat_Sor_TokmagTU[[#This Row],[Feladat Rövidnév]],Feladat_Egység_idő1[Feladat Rövidnév],Feladat_Egység_idő1[Feladat leírás],0,0,1) -> Ragasztó Csiszolás | E118: =_xlfn.XLOOKUP(Folyamat_Sor_TokmagTU[[#This Row],[Feladat Rövidnév]],Feladat_Egység_idő1[Feladat Rövidnév],Feladat_Egység_idő1[Feladat leírás],0,0,1) -> Ragasztó Csiszolás | F118: =_xlfn.LET( _xlpm.megnevezés,"TokmagTU", IF(_xlpm.megnevezés=Folyamat_Sor_TokmagTU[[#This Row],[Megnevezés]],"",_xlpm.megnevezés) ) -> TokmagTU | G118: 06 | H118: Folyamat | I118: Terv szerint | J118: Gyártásvezetés | K118: Összeszerelő | N118: {=SUM(_xlfn._xlws.FILTER(Szabászat[Darab],(ISNUMBER(SEARCH("Tokmag",Szabászat[Alkatrész Megnevezése]))) * (Szabászat[Felület tipus]=Folyamt_Fóliázás_Tipus_Név) * (ISNUMBER(SEARCH("TU",Szabászat[Tipus]))),0))} -> 0 | O118: =_xlfn.XLOOKUP(Folyamat_Sor_TokmagTU[[#This Row],[Feladat Rövidnév]],Feladat_Egység_idő1[Feladat Rövidnév],Feladat_Egység_idő1[Egység idő],0,0,1) -> 0.0015162037 | P118: =_xlfn.XLOOKUP(Folyamat_Sor_TokmagTU[[#This Row],[Feladat Rövidnév]],Feladat_Egység_idő1[Feladat Rövidnév],Feladat_Egység_idő1[Humánerő],0,0,1) -> 1 | Q118: GyV-TUT.00 | R118: GyV-TUT.04 | S118: =Folyamat_Sor_TokmagTU[[#This Row],[DSMR]] & "-" & Folyamat_Sor_TokmagTU[[#This Row],[Szülő feladat Rővidnév]] -> ProjektSzám-GyV-TUT.04 | T118: SS | V118: 1
A119: =Projekt_Szám -> ProjektSzám | B119: GyV-TUT.07 | C119: =Folyamat_Sor_TokmagTU[[#This Row],[DSMR]] & "-" & Folyamat_Sor_TokmagTU[[#This Row],[Feladat Rövidnév]] -> ProjektSzám-GyV-TUT.07 | D119: =_xlfn.XLOOKUP(Folyamat_Sor_TokmagTU[[#This Row],[Feladat Rövidnév]],Feladat_Egység_idő1[Feladat Rövidnév],Feladat_Egység_idő1[Feladat leírás],0,0,1) -> Fóliázás | E119: =_xlfn.XLOOKUP(Folyamat_Sor_TokmagTU[[#This Row],[Feladat Rövidnév]],Feladat_Egység_idő1[Feladat Rövidnév],Feladat_Egység_idő1[Feladat leírás],0,0,1) -> Fóliázás | F119: =_xlfn.LET( _xlpm.megnevezés,"TokmagTU", IF(_xlpm.megnevezés=Folyamat_Sor_TokmagTU[[#This Row],[Megnevezés]],"",_xlpm.megnevezés) ) -> TokmagTU | G119: 07 | H119: Folyamat | I119: Terv szerint | J119: Gyártásvezetés | K119: Fóliázó | L119: Martin Zoltán | M119: Germán Milán | N119: {=SUM(_xlfn._xlws.FILTER(Szabászat[Darab],(ISNUMBER(SEARCH("Tokmag",Szabászat[Alkatrész Megnevezése]))) * (Szabászat[Felület tipus]=Folyamt_Fóliázás_Tipus_Név) * (ISNUMBER(SEARCH("TU",Szabászat[Tipus]))),0))} -> 0 | O119: =_xlfn.XLOOKUP(Folyamat_Sor_TokmagTU[[#This Row],[Feladat Rövidnév]],Feladat_Egység_idő1[Feladat Rövidnév],Feladat_Egység_idő1[Egység idő],0,0,1) -> 0.0019675926 | P119: =_xlfn.XLOOKUP(Folyamat_Sor_TokmagTU[[#This Row],[Feladat Rövidnév]],Feladat_Egység_idő1[Feladat Rövidnév],Feladat_Egység_idő1[Humánerő],0,0,1) -> 2 | Q119: GyV-TUT.00 | R119: GyV-TUT.06 | S119: =Folyamat_Sor_TokmagTU[[#This Row],[DSMR]] & "-" & Folyamat_Sor_TokmagTU[[#This Row],[Szülő feladat Rővidnév]] -> ProjektSzám-GyV-TUT.06 | T119: FS | V119: 1
A120: =Projekt_Szám -> ProjektSzám | B120: GyV-TUT.08 | C120: =Folyamat_Sor_TokmagTU[[#This Row],[DSMR]] & "-" & Folyamat_Sor_TokmagTU[[#This Row],[Feladat Rövidnév]] -> ProjektSzám-GyV-TUT.08 | D120: =_xlfn.XLOOKUP(Folyamat_Sor_TokmagTU[[#This Row],[Feladat Rövidnév]],Feladat_Egység_idő1[Feladat Rövidnév],Feladat_Egység_idő1[Feladat leírás],0,0,1) -> Kivágás | E120: =_xlfn.XLOOKUP(Folyamat_Sor_TokmagTU[[#This Row],[Feladat Rövidnév]],Feladat_Egység_idő1[Feladat Rövidnév],Feladat_Egység_idő1[Feladat leírás],0,0,1) -> Kivágás | F120: =_xlfn.LET( _xlpm.megnevezés,"TokmagTU", IF(_xlpm.megnevezés=Folyamat_Sor_TokmagTU[[#This Row],[Megnevezés]],"",_xlpm.megnevezés) ) -> TokmagTU | G120: 08 | H120: Folyamat | I120: Terv szerint | J120: Gyártásvezetés | K120: Fóliázó | L120: Martin Zoltán | M120: Germán Milán | N120: {=SUM(_xlfn._xlws.FILTER(Szabászat[Darab],(ISNUMBER(SEARCH("Tokmag",Szabászat[Alkatrész Megnevezése]))) * (Szabászat[Felület tipus]=Folyamt_Fóliázás_Tipus_Név) * (ISNUMBER(SEARCH("TU",Szabászat[Tipus]))),0))} -> 0 | O120: =_xlfn.XLOOKUP(Folyamat_Sor_TokmagTU[[#This Row],[Feladat Rövidnév]],Feladat_Egység_idő1[Feladat Rövidnév],Feladat_Egység_idő1[Egység idő],0,0,1) -> 0.0037384259 | P120: =_xlfn.XLOOKUP(Folyamat_Sor_TokmagTU[[#This Row],[Feladat Rövidnév]],Feladat_Egység_idő1[Feladat Rövidnév],Feladat_Egység_idő1[Humánerő],0,0,1) -> 2 | Q120: GyV-TUT.00 | R120: GyV-TUT.07 | S120: =Folyamat_Sor_TokmagTU[[#This Row],[DSMR]] & "-" & Folyamat_Sor_TokmagTU[[#This Row],[Szülő feladat Rővidnév]] -> ProjektSzám-GyV-TUT.07 | T120: SS | V120: 1
A121: =Projekt_Szám -> ProjektSzám | B121: GyV-TUT.09 | C121: =Folyamat_Sor_TokmagTU[[#This Row],[DSMR]] & "-" & Folyamat_Sor_TokmagTU[[#This Row],[Feladat Rövidnév]] -> ProjektSzám-GyV-TUT.09 | D121: =_xlfn.XLOOKUP(Folyamat_Sor_TokmagTU[[#This Row],[Feladat Rövidnév]],Feladat_Egység_idő1[Feladat Rövidnév],Feladat_Egység_idő1[Feladat leírás],0,0,1) -> Festőnél | E121: =_xlfn.XLOOKUP(Folyamat_Sor_TokmagTU[[#This Row],[Feladat Rövidnév]],Feladat_Egység_idő1[Feladat Rövidnév],Feladat_Egység_idő1[Feladat leírás],0,0,1) -> Festőnél | F121: =_xlfn.LET( _xlpm.megnevezés,"TokmagTU", IF(_xlpm.megnevezés=Folyamat_Sor_TokmagTU[[#This Row],[Megnevezés]],"",_xlpm.megnevezés) ) -> TokmagTU | G121: 09 | H121: ToDu | I121: Terv szerint | J121: Gyártásvezetés | K121: Fóliázó | L121: Martin Zoltán | M121: Germán Milán | N121: {=SUM(_xlfn._xlws.FILTER(Szabászat[Darab],(ISNUMBER(SEARCH("Tokmag",Szabászat[Alkatrész Megnevezése]))) * (Szabászat[Felület tipus]=Folyamt_Festés_Tipus_Név) * (ISNUMBER(SEARCH("TU",Szabászat[Tipus]))),0))} -> 0 | O121: =_xlfn.XLOOKUP(Folyamat_Sor_TokmagTU[[#This Row],[Feladat Rövidnév]],Feladat_Egység_idő1[Feladat Rövidnév],Feladat_Egység_idő1[Egység idő],0,0,1) -> 0.041666667 | P121: =_xlfn.XLOOKUP(Folyamat_Sor_TokmagTU[[#This Row],[Feladat Rövidnév]],Feladat_Egység_idő1[Feladat Rövidnév],Feladat_Egység_idő1[Humánerő],0,0,1) -> 1 | Q121: GyV-TUT.00 | R121: GyV-TUT.03 | S121: =Folyamat_Sor_TokmagTU[[#This Row],[DSMR]] & "-" & Folyamat_Sor_TokmagTU[[#This Row],[Szülő feladat Rővidnév]] -> ProjektSzám-GyV-TUT.03 | T121: FS | V121: 1
A122: =Projekt_Szám -> ProjektSzám | B122: GyV-TUT.10 | C122: =Folyamat_Sor_TokmagTU[[#This Row],[DSMR]] & "-" & Folyamat_Sor_TokmagTU[[#This Row],[Feladat Rövidnév]] -> ProjektSzám-GyV-TUT.10 | D122: =_xlfn.XLOOKUP(Folyamat_Sor_TokmagTU[[#This Row],[Feladat Rövidnév]],Feladat_Egység_idő1[Feladat Rövidnév],Feladat_Egység_idő1[Feladat leírás],0,0,1) -> Festőtöl viszahozzva | E122: =_xlfn.XLOOKUP(Folyamat_Sor_TokmagTU[[#This Row],[Feladat Rövidnév]],Feladat_Egység_idő1[Feladat Rövidnév],Feladat_Egység_idő1[Feladat leírás],0,0,1) -> Festőtöl viszahozzva | F122: =_xlfn.LET( _xlpm.megnevezés,"TokmagTU", IF(_xlpm.megnevezés=Folyamat_Sor_TokmagTU[[#This Row],[Megnevezés]],"",_xlpm.megnevezés) ) -> TokmagTU | G122: 10 | H122: ToDu | I122: Terv szerint | J122: Gyártásvezetés | K122: Összeszerelő | N122: {=SUM(_xlfn._xlws.FILTER(Szabászat[Darab],(ISNUMBER(SEARCH("Tokmag",Szabászat[Alkatrész Megnevezése]))) * (Szabászat[Felület tipus]=Folyamt_Festés_Tipus_Név) * (ISNUMBER(SEARCH("TU",Szabászat[Tipus]))),0))} -> 0 | O122: =_xlfn.XLOOKUP(Folyamat_Sor_TokmagTU[[#This Row],[Feladat Rövidnév]],Feladat_Egység_idő1[Feladat Rövidnév],Feladat_Egység_idő1[Egység idő],0,0,1) -> 0.041666667 | P122: =_xlfn.XLOOKUP(Folyamat_Sor_TokmagTU[[#This Row],[Feladat Rövidnév]],Feladat_Egység_idő1[Feladat Rövidnév],Feladat_Egység_idő1[Humánerő],0,0,1) -> 1 | Q122: GyV-TUT.00 | R122: GyV-TUT.09 | S122: =Folyamat_Sor_TokmagTU[[#This Row],[DSMR]] & "-" & Folyamat_Sor_TokmagTU[[#This Row],[Szülő feladat Rővidnév]] -> ProjektSzám-GyV-TUT.09 | T122: FS | V122: 1
A123: =Projekt_Szám -> ProjektSzám | B123: GyV-TUT.11 | C123: =Folyamat_Sor_TokmagTU[[#This Row],[DSMR]] & "-" & Folyamat_Sor_TokmagTU[[#This Row],[Feladat Rövidnév]] -> ProjektSzám-GyV-TUT.11 | D123: =_xlfn.XLOOKUP(Folyamat_Sor_TokmagTU[[#This Row],[Feladat Rövidnév]],Feladat_Egység_idő1[Feladat Rövidnév],Feladat_Egység_idő1[Feladat leírás],0,0,1) -> Csomagolás | E123: =_xlfn.XLOOKUP(Folyamat_Sor_TokmagTU[[#This Row],[Feladat Rövidnév]],Feladat_Egység_idő1[Feladat Rövidnév],Feladat_Egység_idő1[Feladat leírás],0,0,1) -> Csomagolás | F123: =_xlfn.LET( _xlpm.megnevezés,"TokmagTU", IF(_xlpm.megnevezés=Folyamat_Sor_TokmagTU[[#This Row],[Megnevezés]],"",_xlpm.megnevezés) ) -> TokmagTU | G123: 11 | H123: Folyamat | I123: Terv szerint | J123: Gyártásvezetés | K123: Összeszerelő | N123: {=SUM(_xlfn._xlws.FILTER(Szabászat[Darab],(ISNUMBER(SEARCH("Tokmag",Szabászat[Alkatrész Megnevezése]))) * (ISNUMBER(SEARCH("TU",Szabászat[Tipus]))),0))} -> 0 | O123: =_xlfn.XLOOKUP(Folyamat_Sor_TokmagTU[[#This Row],[Feladat Rövidnév]],Feladat_Egység_idő1[Feladat Rövidnév],Feladat_Egység_idő1[Egység idő],0,0,1) -> 0.0069444444 | P123: =_xlfn.XLOOKUP(Folyamat_Sor_TokmagTU[[#This Row],[Feladat Rövidnév]],Feladat_Egység_idő1[Feladat Rövidnév],Feladat_Egység_idő1[Humánerő],0,0,1) -> 1 | Q123: GyV-TUT.00 | R123: GyV-TUT.08 | S123: =Folyamat_Sor_TokmagTU[[#This Row],[DSMR]] & "-" & Folyamat_Sor_TokmagTU[[#This Row],[Szülő feladat Rővidnév]] -> ProjektSzám-GyV-TUT.08 | T123: FS | V123: 1
B125: Termékek Tipus
B126: Síkban
...

Sheet Folyamatok
A4: DSMR | B4: Feladat Rövidnév | C4: Feladat ID | D4: Feladat leírás | E4: Megnevezés | F4: Főfeladat Megnevezése | G4: Sorszám | H4: Feladat Tipus | I4: Kockázat | J4: Részleg 02 | K4: Részleg 01 | L4: Felelős | M4: Támogató | N4: Volumen | O4: Egység idő | P4: Humánerő | Q4: Ősszefoglaló feladat ID | R4: Szülő feladat Rővidnév | S4: Szülő feladat ID | T4: Feladat Függöség Tipusa | U4: Feladat Késleltetés | V4: Feladat Elinditása Részleges készültség esetén | W4: Extra nap
A5: ProjektSzám | B5: GyI-E.00 | C5: ProjektSzám-GyI-E.00 | D5: Előkészítés | E5: Előkészítés | G5: 00 | H5: Összetett folyamat | I5: Terv szerint | J5: Gyártás Iroda | N5: 1 | O5: 0 | P5: 0 | V5: 1 | W5: 5
A6: ProjektSzám | B6: GyI-E.01 | C6: ProjektSzám-GyI-E.01 | D6: Megrendelés átadó megbeszélés | E6: Megrendelés átadó megbeszélés | F6: Előkészítés | G6: 01 | H6: Folyamat | I6: Terv szerint | J6: Gyártás Iroda | K6: Műszaki tervezés | L6: Simon Kázmér | N6: 1 | O6: 0.041666667 | P6: 1 | Q6: ProjektSzám-GyI-E.00 | R6: GyI-E.00 | S6: ProjektSzám-GyI-E.00 | T6: SS | V6: 1
A7: ProjektSzám | B7: GyI-E.02 | C7: ProjektSzám-GyI-E.02 | D7: Információk beszerzése | E7: Információk beszerzése | F7: Előkészítés | G7: 02 | H7: Folyamat | I7: Terv szerint | J7: Gyártás Iroda | K7: Műszaki tervezés | L7: Simon Kázmér | N7: 1 | O7: 0.041666667 | P7: 1 | Q7: ProjektSzám-GyI-E.00 | R7: GyI-E.01 | S7: ProjektSzám-GyI-E.01 | T7: SS | V7: 1
A8: ProjektSzám | B8: GyI-E.02.01 | C8: ProjektSzám-GyI-E.02.01 | D8: 0 | E8: 0 | F8: Előkészítés | G8: 03 | H8: Folyamat | I8: Terv szerint | J8: Gyártás Iroda | K8: Műszaki tervezés | L8: Simon Kázmér | M8: Szántói Gábor | N8: 1 | O8: 0 | P8: 0 | Q8: ProjektSzám-GyI-E.00 | R8: GyI-E.02 | S8: ProjektSzám-GyI-E.02 | T8: FS | V8: 1
A9: ProjektSzám | B9: GyI-E.03 | C9: ProjektSzám-GyI-E.03 | D9: Megerndelőlap elenőrzése | E9: Megerndelőlap elenőrzése | F9: Előkészítés | G9: 04 | H9: Folyamat | I9: Terv szerint | J9: Gyártás Iroda | K9: Műszaki tervezés | L9: Simon Kázmér | N9: 1 | O9: 0.041666667 | P9: 1 | Q9: ProjektSzám-GyI-E.00 | R9: GyI-E.02.01 | S9: ProjektSzám-GyI-E.02.01 | T9: SS | V9: 1
A10: ProjektSzám | B10: GyI-E.04 | C10: ProjektSzám-GyI-E.04 | D10: Információk elenőrzése | E10: Információk elenőrzése | F10: Előkészítés | G10: 05 | H10: Folyamat | I10: Terv szerint | J10: Gyártás Iroda | K10: Műszaki tervezés | L10: Simon Kázmér | M10: Szántói Gábor | N10: 1 | O10: 0.041666667 | P10: 1 | Q10: ProjektSzám-GyI-E.00 | R10: GyI-E.03 | S10: ProjektSzám-GyI-E.03 | T10: SS | V10: 1
A11: ProjektSzám | B11: GyI-E.05 | C11: ProjektSzám-GyI-E.05 | D11: Meghajtón a mappa előkészítése | E11: Meghajtón a mappa előkészítése | F11: Előkészítés | G11: 06 | H11: Folyamat | I11: Terv szerint | J11: Gyártás Iroda | K11: Műszaki tervezés | L11: Simon Kázmér | N11: 1 | O11: 0.041666667 | P11: 1 | Q11: ProjektSzám-GyI-E.00 | R11: GyI-E.04 | S11: ProjektSzám-GyI-E.04 | T11: SS | V11: 1
A12: ProjektSzám | B12: GyI-E.06 | C12: ProjektSzám-GyI-E.06 | D12: Kiíróba átvezetés | E12: Kiíróba átvezetés | F12: Előkészítés | G12: 07 | H12: Folyamat | I12: Terv szerint | J12: Gyártás Iroda | K12: Műszaki tervezés | L12: Simon Kázmér | M12: Szántói Gábor | N12: 1 | O12: 0.041666667 | P12: 1 | Q12: ProjektSzám-GyI-E.00 | R12: GyI-E.05 | S12: ProjektSzám-GyI-E.05 | T12: SS | V12: 1
A13: ProjektSzám | B13: GyI-E.07 | C13: ProjektSzám-GyI-E.07 | D13: Kiíró elenőrzése | E13: Kiíró elenőrzése | F13: Előkészítés | G13: 08 | H13: Folyamat | I13: Terv szerint | J13: Gyártás Iroda | K13: Műszaki tervezés | L13: Simon Kázmér | N13: 1 | O13: 0.041666667 | P13: 1 | Q13: ProjektSzám-GyI-E.00 | R13: GyI-E.06 | S13: ProjektSzám-GyI-E.06 | T13: FS | V13: 1
A14: ProjektSzám | B14: GyI-E.08 | C14: ProjektSzám-GyI-E.08 | D14: Gyártás inditó megbeszéléssel | E14: Gyártás inditó megbeszéléssel | F14: Előkészítés | G14: 09 | H14: Folyamat | I14: Terv szerint | J14: Gyártás Iroda | K14: Műszaki tervezés | L14: Simon Kázmér | N14: 1 | O14: 0.041666667 | P14: 1 | Q14: ProjektSzám-GyI-E.00 | R14: GyI-E.07 | S14: ProjektSzám-GyI-E.07 | T14: FS | V14: 1
A15: ProjektSzám | B15: GyI-E.08.01 | C15: ProjektSzám-GyI-E.08.01 | D15: 0 | E15: 0 | F15: Előkészítés | G15: 10 | H15: Folyamat | I15: Terv szerint | J15: Gyártás Iroda | K15: Műszaki tervezés | L15: Simon Kázmér | N15: 1 | O15: 0 | P15: 0 | Q15: ProjektSzám-GyI-E.00 | R15: GyI-E.08 | S15: ProjektSzám-GyI-E.08 | T15: SS | V15: 1
A16: ProjektSzám | B16: GyI-E.09 | C16: ProjektSzám-GyI-E.09 | D16: Anyagszükséglet | E16: Anyagszükséglet | F16: Előkészítés | G16: 11 | H16: Folyamat | I16: Terv szerint | J16: Gyártás Iroda | K16: Műszaki tervezés | L16: Simon Kázmér | N16: 1 | O16: 0.041666667 | P16: 1 | Q16: ProjektSzám-GyI-E.00 | R16: GyI-E.08.01 | S16: ProjektSzám-GyI-E.08.01 | T16: FS | V16: 1
A17: ProjektSzám | B17: GyV-BF.00 | C17: ProjektSzám-GyV-BF.00 | D17: Bútorfront | E17: Bútorfront | G17: 00 | H17: Összetett folyamat | I17: Terv szerint | J17: Gyártásvezetés | L17: Martin Zoltán | N17: 1 | O17: 0 | P17: 0 | R17: GyI-E.00 | S17: ProjektSzám-GyI-E.00 | T17: FS | U17: 4 | V17: 1 | W17: 9
A18: ProjektSzám | B18: GyV-BF.01 | C18: ProjektSzám-GyV-BF.01 | D18: 18-as szabás | E18: 18-as szabás | F18: Bútorfront | G18: 01 | H18: Folyamat | I18: Terv szerint | J18: Gyártásvezetés | K18: Asztalos | L18: Geröcs István | M18: Berei János | N18: 70 | O18: 0.0030555556 | P18: 2 | Q18: ProjektSzám-GyV-BF.00 | R18: GyV-BF.00 | S18: ProjektSzám-GyV-BF.00 | T18: SS | V18: 1
A19: ProjektSzám | B19: GyV-BF.02 | C19: ProjektSzám-GyV-BF.02 | D19: CNC kontúr+ minta | E19: CNC kontúr+ minta | F19: Bútorfront | G19: 02 | H19: Folyamat | I19: Terv szerint | J19: Gyártásvezetés | K19: CNC | L19: Dancsik János | N19: 70 | O19: 0.0094212963 | P19: 1 | Q19: ProjektSzám-GyV-BF.00 | R19: GyV-BF.01 | S19: ProjektSzám-GyV-BF.01 | T19: FS | V19: 1
A20: ProjektSzám | B20: GyV-BF.03 | C20: ProjektSzám-GyV-BF.03 | D20: Csiszolás | E20: Csiszolás | F20: Bútorfront | G20: 03 | H20: Folyamat | I20: Terv szerint | J20: Gyártásvezetés | K20: Összeszerelő | N20: 70 | O20: 0.0094212963 | P20: 1 | Q20: ProjektSzám-GyV-BF.00 | R20: GyV-BF.02 | S20: ProjektSzám-GyV-BF.02 | T20: FS | V20: 1
A21: ProjektSzám | B21: GyV-BF.04 | C21: ProjektSzám-GyV-BF.04 | D21: Fújás | E21: Fújás | F21: Bútorfront | G21: 04 | H21: Folyamat | I21: Terv szerint | J21: Gyártásvezetés | K21: Összeszerelő | N21: 70 | O21: 0.0025 | P21: 1 | Q21: ProjektSzám-GyV-BF.00 | R21: GyV-BF.03 | S21: ProjektSzám-GyV-BF.03 | T21: SS | V21: 1
A22: ProjektSzám | B22: GyV-BF.05 | C22: ProjektSzám-GyV-BF.05 | D22: Ragasztó Csiszolás | E22: Ragasztó Csiszolás | F22: Bútorfront | G22: 05 | H22: Folyamat | I22: Terv szerint | J22: Gyártásvezetés | K22: Fóliázó | L22: Martin Zoltán | N22: 3 | O22: 0.0032638889 | P22: 1 | Q22: ProjektSzám-GyV-BF.00 | R22: GyV-BF.04 | S22: ProjektSzám-GyV-BF.04 | T22: FS | V22: 1
A23: ProjektSzám | B23: GyV-BF.06 | C23: ProjektSzám-GyV-BF.06 | D23: Fóliázás | E23: Fóliázás | F23: Bútorfront | G23: 06 | H23: Folyamat | I23: Terv szerint | J23: Gyártásvezetés | K23: Fóliázó | L23: Martin Zoltán | N23: 3 | O23: 0.0072916667 | P23: 2 | Q23: ProjektSzám-GyV-BF.00 | R23: GyV-BF.05 | S23: ProjektSzám-GyV-BF.05 | T23: SS | V23: 1
A24: ProjektSzám | B24: GyV-BF.07 | C24: ProjektSzám-GyV-BF.07 | D24: Kivágás | E24: Kivágás | F24: Bútorfront | G24: 07 | H24: Folyamat | I24: Terv szerint | J24: Gyártásvezetés | K24: Fóliázó | L24: Martin Zoltán | N24: 3 | O24: 0.0026041667 | P24: 1 | Q24: ProjektSzám-GyV-BF.00 | R24: GyV-BF.05 | S24: ProjektSzám-GyV-BF.05 | T24: SS | V24: 1
A25: ProjektSzám | B25: GyV-BF.08 | C25: ProjektSzám-GyV-BF.08 | D25: Visszafordítás | E25: Visszafordítás | F25: Bútorfront | G25: 08 | H25: Folyamat | I25: Terv szerint | J25: Gyártásvezetés | K25: Fóliázó | L25: Martin Zoltán | N25: 3 | O25: 0.0069444444 | P25: 1 | Q25: ProjektSzám-GyV-BF.00 | R25: GyV-BF.05 | S25: ProjektSzám-GyV-BF.05 | T25: SS | V25: 1
A26: ProjektSzám | B26: GyV-BF.09 | C26: ProjektSzám-GyV-BF.09 | D26: Festőnél | E26: Festőnél | F26: Bútorfront | G26: 09 | H26: Folyamat | I26: Terv szerint | J26: Gyártásvezetés | K26: CNC | L26: Dancsik János | N26: 70 | O26: 0.041666667 | P26: 1 | Q26: ProjektSzám-GyV-BF.00 | R26: GyV-BF.08 | S26: ProjektSzám-GyV-BF.08 | T26: FS | V26: 1
A27: ProjektSzám | B27: GyV-BF.10 | C27: ProjektSzám-GyV-BF.10 | D27: Festőtöl viszahozzva | E27: Festőtöl viszahozzva | F27: Bútorfront | G27: 10 | H27: Folyamat | I27: Terv szerint | J27: Gyártásvezetés | K27: Összeszerelő | N27: 70 | O27: 0.041666667 | P27: 1 | Q27: ProjektSzám-GyV-BF.00 | R27: GyV-BF.09 | S27: ProjektSzám-GyV-BF.09 | T27: FS | V27: 1

Sheet Folyamatok tervezése
C1: Start date: | D1: =INDEX(Projekt_Data[Start Date],1) -> 45823 | E1: Deadline: | F1: =INDEX(Projekt_Data[Dedline],1) -> 45840 | AB1: 0
C2: Hetek | D2: 3 | E2: Nap | F2: 2
A4: Projekt azonosító | B4: Feladat Rövidnév | C4: Feladat ID | D4: Feladat leírás | E4: Feladat Tipus | F4: Kockázat | G4: Részleg 02 | H4: Részleg 01 | I4: Felelős | J4: Támogató | K4: Készültség | L4: Prioritás | M4: Volumen | N4: Egység idő | O4: Humánerő | P4: Ősszefoglaló feladat ID | Q4: Szülő feladat ID | R4: Feladat Függöség Tipusa | S4: Feladat Késleltetés | T4: Fix kexdés | U4: Feladat Elinditása Részleges készültség esetén | V4: Részleges Kezdés | W4: Függökezdés Kalkulált | X4: Függökezdés késleltetett | Y4: Függökezdés késleltetett plusz | Z4: Függökezdés | AA4: Kalkulált kezdés | AB4: Kezdés | AC4: Tényleges Kezdés | AD4: Tervezettidő | AE4: Tervezett Munkaidő | AF4: Extra nap | AG4: Napok száma | AH4: Nem munkanap | AI4: Fixbefejezés | AJ4: Függöbefejezés | AK4: Kalkulált befejezés | AL4: Kalkulált befejezés2 | AM4: Befejezés | AN4: Tényleges befejezés
A5: =IFERROR(Folyamat[[#This Row],[DSMR]],"") -> ProjektSzám | B5: =IFERROR(Folyamat[[#This Row],[Feladat Rövidnév]],"") -> GyI-E.00 | C5: =IFERROR(Mérföldkövek[[#This Row],[Projekt azonosító]] & "-" & Mérföldkövek[[#This Row],[Feladat Rövidnév]],"") -> ProjektSzám-GyI-E.00 | D5: =IFERROR(Folyamat[[#This Row],[Feladat leírás]],"") -> Előkészítés | E5: =IFERROR(Folyamat[[#This Row],[Feladat Tipus]],"") -> Összetett folyamat | F5: =IFERROR(Folyamat[[#This Row],[Kockázat]],"") -> Terv szerint | G5: =IFERROR(Folyamat[[#This Row],[Részleg 02]],"") -> Gyártás Iroda | H5: =IFERROR(Folyamat[[#This Row],[Részleg 01]],"") -> 0 | I5: =IFERROR(Folyamat[[#This Row],[Felelős]],"") -> 0 | J5: =IFERROR(Folyamat[[#This Row],[Támogató]],"") -> 0 | K5: 0 | M5: =IFERROR(Folyamat[[#This Row],[Volumen]],"") -> 1 | N5: =IFERROR(Folyamat[[#This Row],[Egység idő]],"") -> 0 | O5: =IFERROR(Folyamat[[#This Row],[Humánerő]],"") -> 0 | P5: =IFERROR(IF(Folyamat[[#This Row],[Ősszefoglaló feladat ID]]=0,"",Folyamat[[#This Row],[Ősszefoglaló feladat ID]]),"") | Q5: =IFERROR(IF(Folyamat[[#This Row],[Szülő feladat ID]]=0,"",Folyamat[[#This Row],[Szülő feladat ID]]),"") | R5: =IFERROR(IF(Folyamat[[#This Row],[Feladat Függöség Tipusa]]=0,"",Folyamat[[#This Row],[Feladat Függöség Tipusa]]),"") | S5: =IFERROR(Folyamat[[#This Row],[Feladat Késleltetés]],"") -> 0 | T5: =$D$1 -> 45823 | U5: =IFERROR(Folyamat[[#This Row],[Feladat Elinditása Részleges készültség esetén]],"") -> 1 | V5: =IF(Mérföldkövek[[#This Row],[Szülő feladat ID]]<>"",IF(AND(Mérföldkövek[[#This Row],[Feladat Elinditása Részleges készültség esetén]]<=_xlfn.XLOOKUP(Mérföldkövek[[#This Row],[Szülő feladat ID]],Mérföldkövek[Feladat ID],Mérföldkövek[Készültség]),TODAY()<_xlfn.XLOOKUP(Mérföldkövek[[#This Row],[Szülő feladat ID]],Mérföldkövek[Feladat ID],Mérföldkövek[Befejezés])),TODAY(),0),0) -> 0 | W5: {=IF(AND(Mérföldkövek[[#This Row],[Szülő feladat ID]]<>"",Mérföldkövek[[#This Row],[Feladat Függöség Tipusa]]<>""),_xlfn.IFS(Mérföldkövek[[#This Row],[Feladat Függöség Tipusa]]="FS",_xlfn.XLOOKUP(Mérföldkövek[[#This Row],[Szülő feladat ID]],Mérföldkövek[Feladat ID],Mérföldkövek[Befejezés]+1),Mérföldkövek[[#This Row],[Feladat Függöség Tipusa]]="SS",_xlfn.XLOOKUP(Mérföldkövek[[#This Row],[Szülő feladat ID]],Mérföldkövek[Feladat ID],Mérföldkövek[Kezdés]),TRUE,0),0)} -> 0 | X5: =Mérföldkövek[[#This Row],[Függökezdés Kalkulált]]+Mérföldkövek[[#This Row],[Feladat Késleltetés]] -> 0 | Y5: =IF(Mérföldkövek[[#This Row],[Feladat Késleltetés]] = 0,0,IF(Mérföldkövek[[#This Row],[Feladat Késleltetés]]>(NETWORKDAYS(Mérföldkövek[[#This Row],[Függökezdés Kalkulált]],Mérföldkövek[[#This Row],[Függökezdés késleltetett]])-1),Mérföldkövek[[#This Row],[Feladat Késleltetés]]-(NETWORKDAYS(Mérföldkövek[[#This Row],[Függökezdés Kalkulált]],Mérföldkövek[[#This Row],[Függökezdés késleltetett]])-1))) -> 0 | Z5: =IF(OR(WEEKDAY(Mérföldkövek[[#This Row],[Függökezdés Kalkulált]],2)>5), WORKDAY(Mérföldkövek[[#This Row],[Függökezdés Kalkulált]],1), Mérföldkövek[[#This Row],[Függökezdés Kalkulált]]) + Mérföldkövek[[#This Row],[Függökezdés késleltetett plusz]] -> 2 | AA5: {=_xlfn.IFS(Mérföldkövek[[#This Row],[Fix kexdés]]<>0,Mérföldkövek[[#This Row],[Fix kexdés]],Mérföldkövek[[#This Row],[Részleges Kezdés]]<>0,Mérföldkövek[[#This Row],[Részleges Kezdés]],Mérföldkövek[[#This Row],[Függökezdés]]<>0,Mérföldkövek[[#This Row],[Függökezdés]],TRUE,0)} -> 45823 | AB5: =IF(Mérföldkövek[[#This Row],[Volumen]]<=0,0,IF(OR(WEEKDAY(Mérföldkövek[[#This Row],[Kalkulált kezdés]],2)>5), WORKDAY(Mérföldkövek[[#This Row],[Kalkulált kezdés]],1), Mérföldkövek[[#This Row],[Kalkulált kezdés]])) -> 45824 | AD5: =IF(AND(Mérföldkövek[[#This Row],[Volumen]]<>0,Mérföldkövek[[#This Row],[Volumen]]<>"",Mérföldkövek[[#This Row],[Egység idő]]<>0,Mérföldkövek[[#This Row],[Egység idő]]<>""),Mérföldkövek[[#This Row],[Volumen]]*Mérföldkövek[[#This Row],[Egység idő]],0) -> 0 | AE5: =IF(AND(Mérföldkövek[[#This Row],[Volumen]]<>0,Mérföldkövek[[#This Row],[Volumen]]<>"",Mérföldkövek[[#This Row],[Egység idő]]<>0,Mérföldkövek[[#This Row],[Egység idő]]<>""),Mérföldkövek[[#This Row],[Volumen]]*Mérföldkövek[[#This Row],[Egység idő]]*Mérföldkövek[[#This Row],[Humánerő]],0) -> 0 | AF5: =IFERROR(Folyamat[[#This Row],[Extra nap]],"") -> 5 | AG5: =ROUNDUP((Mérföldkövek[[#This Row],[Tervezettidő]]*24)/8,0)+Mérföldkövek[[#This Row],[Extra nap]] -> 5 | AH5: =IF(OR(Mérföldkövek[[#This Row],[Kezdés]]<4000,Mérföldkövek[[#This Row],[Napok száma]]=""),0,ROUNDUP((Mérföldkövek[[#This Row],[Napok száma]]-NETWORKDAYS(Mérföldkövek[[#This Row],[Kezdés]],Mérföldkövek[[#This Row],[Kezdés]]+Mérföldkövek[[#This Row],[Napok száma]]-1,0))/2,0)*2) -> 0 | AJ5: {=IF(AND(Mérföldkövek[[#This Row],[Szülő feladat ID]]<>"",Mérföldkövek[[#This Row],[Feladat Függöség Tipusa]]<>""),_xlfn.IFS(Mérföldkövek[[#This Row],[Feladat Függöség Tipusa]]="FF",_xlfn.XLOOKUP(Mérföldkövek[[#This Row],[Szülő feladat ID]],Mérföldkövek[Feladat ID],Mérföldkövek[Befejezés]),Mérföldkövek[[#This Row],[Feladat Függöség Tipusa]]="SF",_xlfn.XLOOKUP(Mérföldkövek[[#This Row],[Szülő feladat ID]],Mérföldkövek[Feladat ID],Mérföldkövek[Kezdés]),TRUE,0),0)} -> 0 | AK5: =IF(OR(Mérföldkövek[[#This Row],[Kezdés]]=0,Mérföldkövek[[#This Row],[Napok száma]]=0),0,Mérföldkövek[[#This Row],[Kezdés]]+Mérföldkövek[[#This Row],[Napok száma]]-1+Mérföldkövek[[#This Row],[Nem munkanap]]) -> 45828 | AL5: {=_xlfn.IFS(Mérföldkövek[[#This Row],[Fixbefejezés]]<>0,Mérföldkövek[[#This Row],[Fixbefejezés]],Mérföldkövek[[#This Row],[Függöbefejezés]]<>0,Mérföldkövek[[#This Row],[Függöbefejezés]],Mérföldkövek[[#This Row],[Kalkulált befejezés]]<>0,Mérföldkövek[[#This Row],[Kalkulált befejezés]],TRUE,0)} -> 45828 | AM5: =IF(OR(WEEKDAY(Mérföldkövek[[#This Row],[Kalkulált befejezés2]],2)>5), WORKDAY(Mérföldkövek[[#This Row],[Kalkulált befejezés2]],1), Mérföldkövek[[#This Row],[Kalkulált befejezés2]]) -> 45828
A6: =IFERROR(Folyamat[[#This Row],[DSMR]],"") -> ProjektSzám | B6: =IFERROR(Folyamat[[#This Row],[Feladat Rövidnév]],"") -> GyI-E.01 | C6: =IFERROR(Mérföldkövek[[#This Row],[Projekt azonosító]] & "-" & Mérföldkövek[[#This Row],[Feladat Rövidnév]],"") -> ProjektSzám-GyI-E.01 | D6: =IFERROR(Folyamat[[#This Row],[Feladat leírás]],"") -> Megrendelés átadó megbeszélés | E6: =IFERROR(Folyamat[[#This Row],[Feladat Tipus]],"") -> Folyamat | F6: =IFERROR(Folyamat[[#This Row],[Kockázat]],"") -> Terv szerint | G6: =IFERROR(Folyamat[[#This Row],[Részleg 02]],"") -> Gyártás Iroda | H6: =IFERROR(Folyamat[[#This Row],[Részleg 01]],"") -> Műszaki tervezés | I6: =IFERROR(Folyamat[[#This Row],[Felelős]],"") -> Simon Kázmér | J6: =IFERROR(Folyamat[[#This Row],[Támogató]],"") -> 0 | K6: 0 | M6: =IFERROR(Folyamat[[#This Row],[Volumen]],"") -> 1 | N6: =IFERROR(Folyamat[[#This Row],[Egység idő]],"") -> 0.041666667 | O6: =IFERROR(Folyamat[[#This Row],[Humánerő]],"") -> 1 | P6: =IFERROR(IF(Folyamat[[#This Row],[Ősszefoglaló feladat ID]]=0,"",Folyamat[[#This Row],[Ősszefoglaló feladat ID]]),"") -> ProjektSzám-GyI-E.00 | Q6: =IFERROR(IF(Folyamat[[#This Row],[Szülő feladat ID]]=0,"",Folyamat[[#This Row],[Szülő feladat ID]]),"") -> ProjektSzám-GyI-E.00 | R6: =IFERROR(IF(Folyamat[[#This Row],[Feladat Függöség Tipusa]]=0,"",Folyamat[[#This Row],[Feladat Függöség Tipusa]]),"") -> SS | S6: =IFERROR(Folyamat[[#This Row],[Feladat Késleltetés]],"") -> 0 | U6: =IFERROR(Folyamat[[#This Row],[Feladat Elinditása Részleges készültség esetén]],"") -> 1 | V6: =IF(Mérföldkövek[[#This Row],[Szülő feladat ID]]<>"",IF(AND(Mérföldkövek[[#This Row],[Feladat Elinditása Részleges készültség esetén]]<=_xlfn.XLOOKUP(Mérföldkövek[[#This Row],[Szülő feladat ID]],Mérföldkövek[Feladat ID],Mérföldkövek[Készültség]),TODAY()<_xlfn.XLOOKUP(Mérföldkövek[[#This Row],[Szülő feladat ID]],Mérföldkövek[Feladat ID],Mérföldkövek[Befejezés])),TODAY(),0),0) -> 0 | W6: {=IF(AND(Mérföldkövek[[#This Row],[Szülő feladat ID]]<>"",Mérföldkövek[[#This Row],[Feladat Függöség Tipusa]]<>""),_xlfn.IFS(Mérföldkövek[[#This Row],[Feladat Függöség Tipusa]]="FS",_xlfn.XLOOKUP(Mérföldkövek[[#This Row],[Szülő feladat ID]],Mérföldkövek[Feladat ID],Mérföldkövek[Befejezés]+1),Mérföldkövek[[#This Row],[Feladat Függöség Tipusa]]="SS",_xlfn.XLOOKUP(Mérföldkövek[[#This Row],[Szülő feladat ID]],Mérföldkövek[Feladat ID],Mérföldkövek[Kezdés]),TRUE,0),0)} -> 45824 | X6: =Mérföldkövek[[#This Row],[Függökezdés Kalkulált]]+Mérföldkövek[[#This Row],[Feladat Késleltetés]] -> 45824 | Y6: =IF(Mérföldkövek[[#This Row],[Feladat Késleltetés]] = 0,0,IF(Mérföldkövek[[#This Row],[Feladat Késleltetés]]>(NETWORKDAYS(Mérföldkövek[[#This Row],[Függökezdés Kalkulált]],Mérföldkövek[[#This Row],[Függökezdés késleltetett]])-1),Mérföldkövek[[#This Row],[Feladat Késleltetés]]-(NETWORKDAYS(Mérföldkövek[[#This Row],[Függökezdés Kalkulált]],Mérföldkövek[[#This Row],[Függökezdés késleltetett]])-1))) -> 0 | Z6: =IF(OR(WEEKDAY(Mérföldkövek[[#This Row],[Függökezdés Kalkulált]],2)>5), WORKDAY(Mérföldkövek[[#This Row],[Függökezdés Kalkulált]],1), Mérföldkövek[[#This Row],[Függökezdés Kalkulált]]) + Mérföldkövek[[#This Row],[Függökezdés késleltetett plusz]] -> 45824 | AA6: {=_xlfn.IFS(Mérföldkövek[[#This Row],[Fix kexdés]]<>0,Mérföldkövek[[#This Row],[Fix kexdés]],Mérföldkövek[[#This Row],[Részleges Kezdés]]<>0,Mérföldkövek[[#This Row],[Részleges Kezdés]],Mérföldkövek[[#This Row],[Függökezdés]]<>0,Mérföldkövek[[#This Row],[Függökezdés]],TRUE,0)} -> 45824 | AB6: =IF(Mérföldkövek[[#This Row],[Volumen]]<=0,0,IF(OR(WEEKDAY(Mérföldkövek[[#This Row],[Kalkulált kezdés]],2)>5), WORKDAY(Mérföldkövek[[#This Row],[Kalkulált kezdés]],1), Mérföldkövek[[#This Row],[Kalkulált kezdés]])) -> 45824 | AD6: =IF(AND(Mérföldkövek[[#This Row],[Volumen]]<>0,Mérföldkövek[[#This Row],[Volumen]]<>"",Mérföldkövek[[#This Row],[Egység idő]]<>0,Mérföldkövek[[#This Row],[Egység idő]]<>""),Mérföldkövek[[#This Row],[Volumen]]*Mérföldkövek[[#This Row],[Egység idő]],0) -> 0.041666667 | AE6: =IF(AND(Mérföldkövek[[#This Row],[Volumen]]<>0,Mérföldkövek[[#This Row],[Volumen]]<>"",Mérföldkövek[[#This Row],[Egység idő]]<>0,Mérföldkövek[[#This Row],[Egység idő]]<>""),Mérföldkövek[[#This Row],[Volumen]]*Mérföldkövek[[#This Row],[Egység idő]]*Mérföldkövek[[#This Row],[Humánerő]],0) -> 0.041666667 | AF6: =IFERROR(Folyamat[[#This Row],[Extra nap]],"") -> 0 | AG6: =ROUNDUP((Mérföldkövek[[#This Row],[Tervezettidő]]*24)/8,0)+Mérföldkövek[[#This Row],[Extra nap]] -> 1 | AH6: =IF(OR(Mérföldkövek[[#This Row],[Kezdés]]<4000,Mérföldkövek[[#This Row],[Napok száma]]=""),0,ROUNDUP((Mérföldkövek[[#This Row],[Napok száma]]-NETWORKDAYS(Mérföldkövek[[#This Row],[Kezdés]],Mérföldkövek[[#This Row],[Kezdés]]+Mérföldkövek[[#This Row],[Napok száma]]-1,0))/2,0)*2) -> 0 | AJ6: {=IF(AND(Mérföldkövek[[#This Row],[Szülő feladat ID]]<>"",Mérföldkövek[[#This Row],[Feladat Függöség Tipusa]]<>""),_xlfn.IFS(Mérföldkövek[[#This Row],[Feladat Függöség Tipusa]]="FF",_xlfn.XLOOKUP(Mérföldkövek[[#This Row],[Szülő feladat ID]],Mérföldkövek[Feladat ID],Mérföldkövek[Befejezés]),Mérföldkövek[[#This Row],[Feladat Függöség Tipusa]]="SF",_xlfn.XLOOKUP(Mérföldkövek[[#This Row],[Szülő feladat ID]],Mérföldkövek[Feladat ID],Mérföldkövek[Kezdés]),TRUE,0),0)} -> 0 | AK6: =IF(OR(Mérföldkövek[[#This Row],[Kezdés]]=0,Mérföldkövek[[#This Row],[Napok száma]]=0),0,Mérföldkövek[[#This Row],[Kezdés]]+Mérföldkövek[[#This Row],[Napok száma]]-1+Mérföldkövek[[#This Row],[Nem munkanap]]) -> 45824 | AL6: {=_xlfn.IFS(Mérföldkövek[[#This Row],[Fixbefejezés]]<>0,Mérföldkövek[[#This Row],[Fixbefejezés]],Mérföldkövek[[#This Row],[Függöbefejezés]]<>0,Mérföldkövek[[#This Row],[Függöbefejezés]],Mérföldkövek[[#This Row],[Kalkulált befejezés]]<>0,Mérföldkövek[[#This Row],[Kalkulált befejezés]],TRUE,0)} -> 45824 | AM6: =IF(OR(WEEKDAY(Mérföldkövek[[#This Row],[Kalkulált befejezés2]],2)>5), WORKDAY(Mérföldkövek[[#This Row],[Kalkulált befejezés2]],1), Mérföldkövek[[#This Row],[Kalkulált befejezés2]]) -> 45824
A7: =IFERROR(Folyamat[[#This Row],[DSMR]],"") -> ProjektSzám | B7: =IFERROR(Folyamat[[#This Row],[Feladat Rövidnév]],"") -> GyI-E.02 | C7: =IFERROR(Mérföldkövek[[#This Row],[Projekt azonosító]] & "-" & Mérföldkövek[[#This Row],[Feladat Rövidnév]],"") -> ProjektSzám-GyI-E.02 | D7: =IFERROR(Folyamat[[#This Row],[Feladat leírás]],"") -> Információk beszerzése | E7: =IFERROR(Folyamat[[#This Row],[Feladat Tipus]],"") -> Folyamat | F7: =IFERROR(Folyamat[[#This Row],[Kockázat]],"") -> Terv szerint | G7: =IFERROR(Folyamat[[#This Row],[Részleg 02]],"") -> Gyártás Iroda | H7: =IFERROR(Folyamat[[#This Row],[Részleg 01]],"") -> Műszaki tervezés | I7: =IFERROR(Folyamat[[#This Row],[Felelős]],"") -> Simon Kázmér | J7: =IFERROR(Folyamat[[#This Row],[Támogató]],"") -> 0 | M7: =IFERROR(Folyamat[[#This Row],[Volumen]],"") -> 1 | N7: =IFERROR(Folyamat[[#This Row],[Egység idő]],"") -> 0.041666667 | O7: =IFERROR(Folyamat[[#This Row],[Humánerő]],"") -> 1 | P7: =IFERROR(IF(Folyamat[[#This Row],[Ősszefoglaló feladat ID]]=0,"",Folyamat[[#This Row],[Ősszefoglaló feladat ID]]),"") -> ProjektSzám-GyI-E.00 | Q7: =IFERROR(IF(Folyamat[[#This Row],[Szülő feladat ID]]=0,"",Folyamat[[#This Row],[Szülő feladat ID]]),"") -> ProjektSzám-GyI-E.01 | R7: =IFERROR(IF(Folyamat[[#This Row],[Feladat Függöség Tipusa]]=0,"",Folyamat[[#This Row],[Feladat Függöség Tipusa]]),"") -> SS | S7: =IFERROR(Folyamat[[#This Row],[Feladat Késleltetés]],"") -> 0 | U7: =IFERROR(Folyamat[[#This Row],[Feladat Elinditása Részleges készültség esetén]],"") -> 1 | V7: =IF(Mérföldkövek[[#This Row],[Szülő feladat ID]]<>"",IF(AND(Mérföldkövek[[#This Row],[Feladat Elinditása Részleges készültség esetén]]<=_xlfn.XLOOKUP(Mérföldkövek[[#This Row],[Szülő feladat ID]],Mérföldkövek[Feladat ID],Mérföldkövek[Készültség]),TODAY()<_xlfn.XLOOKUP(Mérföldkövek[[#This Row],[Szülő feladat ID]],Mérföldkövek[Feladat ID],Mérföldkövek[Befejezés])),TODAY(),0),0) -> 0 | W7: {=IF(AND(Mérföldkövek[[#This Row],[Szülő feladat ID]]<>"",Mérföldkövek[[#This Row],[Feladat Függöség Tipusa]]<>""),_xlfn.IFS(Mérföldkövek[[#This Row],[Feladat Függöség Tipusa]]="FS",_xlfn.XLOOKUP(Mérföldkövek[[#This Row],[Szülő feladat ID]],Mérföldkövek[Feladat ID],Mérföldkövek[Befejezés]+1),Mérföldkövek[[#This Row],[Feladat Függöség Tipusa]]="SS",_xlfn.XLOOKUP(Mérföldkövek[[#This Row],[Szülő feladat ID]],Mérföldkövek[Feladat ID],Mérföldkövek[Kezdés]),TRUE,0),0)} -> 45824 | X7: =Mérföldkövek[[#This Row],[Függökezdés Kalkulált]]+Mérföldkövek[[#This Row],[Feladat Késleltetés]] -> 45824 | Y7: =IF(Mérföldkövek[[#This Row],[Feladat Késleltetés]] = 0,0,IF(Mérföldkövek[[#This Row],[Feladat Késleltetés]]>(NETWORKDAYS(Mérföldkövek[[#This Row],[Függökezdés Kalkulált]],Mérföldkövek[[#This Row],[Függökezdés késleltetett]])-1),Mérföldkövek[[#This Row],[Feladat Késleltetés]]-(NETWORKDAYS(Mérföldkövek[[#This Row],[Függökezdés Kalkulált]],Mérföldkövek[[#This Row],[Függökezdés késleltetett]])-1))) -> 0 | Z7: =IF(OR(WEEKDAY(Mérföldkövek[[#This Row],[Függökezdés Kalkulált]],2)>5), WORKDAY(Mérföldkövek[[#This Row],[Függökezdés Kalkulált]],1), Mérföldkövek[[#This Row],[Függökezdés Kalkulált]]) + Mérföldkövek[[#This Row],[Függökezdés késleltetett plusz]] -> 45824 | AA7: {=_xlfn.IFS(Mérföldkövek[[#This Row],[Fix kexdés]]<>0,Mérföldkövek[[#This Row],[Fix kexdés]],Mérföldkövek[[#This Row],[Részleges Kezdés]]<>0,Mérföldkövek[[#This Row],[Részleges Kezdés]],Mérföldkövek[[#This Row],[Függökezdés]]<>0,Mérföldkövek[[#This Row],[Függökezdés]],TRUE,0)} -> 45824 | AB7: =IF(Mérföldkövek[[#This Row],[Volumen]]<=0,0,IF(OR(WEEKDAY(Mérföldkövek[[#This Row],[Kalkulált kezdés]],2)>5), WORKDAY(Mérföldkövek[[#This Row],[Kalkulált kezdés]],1), Mérföldkövek[[#This Row],[Kalkulált kezdés]])) -> 45824 | AD7: =IF(AND(Mérföldkövek[[#This Row],[Volumen]]<>0,Mérföldkövek[[#This Row],[Volumen]]<>"",Mérföldkövek[[#This Row],[Egység idő]]<>0,Mérföldkövek[[#This Row],[Egység idő]]<>""),Mérföldkövek[[#This Row],[Volumen]]*Mérföldkövek[[#This Row],[Egység idő]],0) -> 0.041666667 | AE7: =IF(AND(Mérföldkövek[[#This Row],[Volumen]]<>0,Mérföldkövek[[#This Row],[Volumen]]<>"",Mérföldkövek[[#This Row],[Egység idő]]<>0,Mérföldkövek[[#This Row],[Egység idő]]<>""),Mérföldkövek[[#This Row],[Volumen]]*Mérföldkövek[[#This Row],[Egység idő]]*Mérföldkövek[[#This Row],[Humánerő]],0) -> 0.041666667 | AF7: =IFERROR(Folyamat[[#This Row],[Extra nap]],"") -> 0 | AG7: =ROUNDUP((Mérföldkövek[[#This Row],[Tervezettidő]]*24)/8,0)+Mérföldkövek[[#This Row],[Extra nap]] -> 1 | AH7: =IF(OR(Mérföldkövek[[#This Row],[Kezdés]]<4000,Mérföldkövek[[#This Row],[Napok száma]]=""),0,ROUNDUP((Mérföldkövek[[#This Row],[Napok száma]]-NETWORKDAYS(Mérföldkövek[[#This Row],[Kezdés]],Mérföldkövek[[#This Row],[Kezdés]]+Mérföldkövek[[#This Row],[Napok száma]]-1,0))/2,0)*2) -> 0 | AJ7: {=IF(AND(Mérföldkövek[[#This Row],[Szülő feladat ID]]<>"",Mérföldkövek[[#This Row],[Feladat Függöség Tipusa]]<>""),_xlfn.IFS(Mérföldkövek[[#This Row],[Feladat Függöség Tipusa]]="FF",_xlfn.XLOOKUP(Mérföldkövek[[#This Row],[Szülő feladat ID]],Mérföldkövek[Feladat ID],Mérföldkövek[Befejezés]),Mérföldkövek[[#This Row],[Feladat Függöség Tipusa]]="SF",_xlfn.XLOOKUP(Mérföldkövek[[#This Row],[Szülő feladat ID]],Mérföldkövek[Feladat ID],Mérföldkövek[Kezdés]),TRUE,0),0)} -> 0 | AK7: =IF(OR(Mérföldkövek[[#This Row],[Kezdés]]=0,Mérföldkövek[[#This Row],[Napok száma]]=0),0,Mérföldkövek[[#This Row],[Kezdés]]+Mérföldkövek[[#This Row],[Napok száma]]-1+Mérföldkövek[[#This Row],[Nem munkanap]]) -> 45824 | AL7: {=_xlfn.IFS(Mérföldkövek[[#This Row],[Fixbefejezés]]<>0,Mérföldkövek[[#This Row],[Fixbefejezés]],Mérföldkövek[[#This Row],[Függöbefejezés]]<>0,Mérföldkövek[[#This Row],[Függöbefejezés]],Mérföldkövek[[#This Row],[Kalkulált befejezés]]<>0,Mérföldkövek[[#This Row],[Kalkulált befejezés]],TRUE,0)} -> 45824 | AM7: =IF(OR(WEEKDAY(Mérföldkövek[[#This Row],[Kalkulált befejezés2]],2)>5), WORKDAY(Mérföldkövek[[#This Row],[Kalkulált befejezés2]],1), Mérföldkövek[[#This Row],[Kalkulált befejezés2]]) -> 45824
A8: =IFERROR(Folyamat[[#This Row],[DSMR]],"") -> ProjektSzám | B8: =IFERROR(Folyamat[[#This Row],[Feladat Rövidnév]],"") -> GyI-E.02.01 | C8: =IFERROR(Mérföldkövek[[#This Row],[Projekt azonosító]] & "-" & Mérföldkövek[[#This Row],[Feladat Rövidnév]],"") -> ProjektSzám-GyI-E.02.01 | D8: =IFERROR(Folyamat[[#This Row],[Feladat leírás]],"") -> 0 | E8: =IFERROR(Folyamat[[#This Row],[Feladat Tipus]],"") -> Folyamat | F8: =IFERROR(Folyamat[[#This Row],[Kockázat]],"") -> Terv szerint | G8: =IFERROR(Folyamat[[#This Row],[Részleg 02]],"") -> Gyártás Iroda | H8: =IFERROR(Folyamat[[#This Row],[Részleg 01]],"") -> Műszaki tervezés | I8: =IFERROR(Folyamat[[#This Row],[Felelős]],"") -> Simon Kázmér | J8: =IFERROR(Folyamat[[#This Row],[Támogató]],"") -> Szántói Gábor | M8: =IFERROR(Folyamat[[#This Row],[Volumen]],"") -> 1 | N8: =IFERROR(Folyamat[[#This Row],[Egység idő]],"") -> 0 | O8: =IFERROR(Folyamat[[#This Row],[Humánerő]],"") -> 0 | P8: =IFERROR(IF(Folyamat[[#This Row],[Ősszefoglaló feladat ID]]=0,"",Folyamat[[#This Row],[Ősszefoglaló feladat ID]]),"") -> ProjektSzám-GyI-E.00 | Q8: =IFERROR(IF(Folyamat[[#This Row],[Szülő feladat ID]]=0,"",Folyamat[[#This Row],[Szülő feladat ID]]),"") -> ProjektSzám-GyI-E.02 | R8: =IFERROR(IF(Folyamat[[#This Row],[Feladat Függöség Tipusa]]=0,"",Folyamat[[#This Row],[Feladat Függöség Tipusa]]),"") -> FS | S8: =IFERROR(Folyamat[[#This Row],[Feladat Késleltetés]],"") -> 0 | U8: =IFERROR(Folyamat[[#This Row],[Feladat Elinditása Részleges készültség esetén]],"") -> 1 | V8: =IF(Mérföldkövek[[#This Row],[Szülő feladat ID]]<>"",IF(AND(Mérföldkövek[[#This Row],[Feladat Elinditása Részleges készültség esetén]]<=_xlfn.XLOOKUP(Mérföldkövek[[#This Row],[Szülő feladat ID]],Mérföldkövek[Feladat ID],Mérföldkövek[Készültség]),TODAY()<_xlfn.XLOOKUP(Mérföldkövek[[#This Row],[Szülő feladat ID]],Mérföldkövek[Feladat ID],Mérföldkövek[Befejezés])),TODAY(),0),0) -> 0 | W8: {=IF(AND(Mérföldkövek[[#This Row],[Szülő feladat ID]]<>"",Mérföldkövek[[#This Row],[Feladat Függöség Tipusa]]<>""),_xlfn.IFS(Mérföldkövek[[#This Row],[Feladat Függöség Tipusa]]="FS",_xlfn.XLOOKUP(Mérföldkövek[[#This Row],[Szülő feladat ID]],Mérföldkövek[Feladat ID],Mérföldkövek[Befejezés]+1),Mérföldkövek[[#This Row],[Feladat Függöség Tipusa]]="SS",_xlfn.XLOOKUP(Mérföldkövek[[#This Row],[Szülő feladat ID]],Mérföldkövek[Feladat ID],Mérföldkövek[Kezdés]),TRUE,0),0)} -> 45825 | X8: =Mérföldkövek[[#This Row],[Függökezdés Kalkulált]]+Mérföldkövek[[#This Row],[Feladat Késleltetés]] -> 45825 | Y8: =IF(Mérföldkövek[[#This Row],[Feladat Késleltetés]] = 0,0,IF(Mérföldkövek[[#This Row],[Feladat Késleltetés]]>(NETWORKDAYS(Mérföldkövek[[#This Row],[Függökezdés Kalkulált]],Mérföldkövek[[#This Row],[Függökezdés késleltetett]])-1),Mérföldkövek[[#This Row],[Feladat Késleltetés]]-(NETWORKDAYS(Mérföldkövek[[#This Row],[Függökezdés Kalkulált]],Mérföldkövek[[#This Row],[Függökezdés késleltetett]])-1))) -> 0 | Z8: =IF(OR(WEEKDAY(Mérföldkövek[[#This Row],[Függökezdés Kalkulált]],2)>5), WORKDAY(Mérföldkövek[[#This Row],[Függökezdés Kalkulált]],1), Mérföldkövek[[#This Row],[Függökezdés Kalkulált]]) + Mérföldkövek[[#This Row],[Függökezdés késleltetett plusz]] -> 45825 | AA8: {=_xlfn.IFS(Mérföldkövek[[#This Row],[Fix kexdés]]<>0,Mérföldkövek[[#This Row],[Fix kexdés]],Mérföldkövek[[#This Row],[Részleges Kezdés]]<>0,Mérföldkövek[[#This Row],[Részleges Kezdés]],Mérföldkövek[[#This Row],[Függökezdés]]<>0,Mérföldkövek[[#This Row],[Függökezdés]],TRUE,0)} -> 45825 | AB8: =IF(Mérföldkövek[[#This Row],[Volumen]]<=0,0,IF(OR(WEEKDAY(Mérföldkövek[[#This Row],[Kalkulált kezdés]],2)>5), WORKDAY(Mérföldkövek[[#This Row],[Kalkulált kezdés]],1), Mérföldkövek[[#This Row],[Kalkulált kezdés]])) -> 45825 | AD8: =IF(AND(Mérföldkövek[[#This Row],[Volumen]]<>0,Mérföldkövek[[#This Row],[Volumen]]<>"",Mérföldkövek[[#This Row],[Egység idő]]<>0,Mérföldkövek[[#This Row],[Egység idő]]<>""),Mérföldkövek[[#This Row],[Volumen]]*Mérföldkövek[[#This Row],[Egység idő]],0) -> 0 | AE8: =IF(AND(Mérföldkövek[[#This Row],[Volumen]]<>0,Mérföldkövek[[#This Row],[Volumen]]<>"",Mérföldkövek[[#This Row],[Egység idő]]<>0,Mérföldkövek[[#This Row],[Egység idő]]<>""),Mérföldkövek[[#This Row],[Volumen]]*Mérföldkövek[[#This Row],[Egység idő]]*Mérföldkövek[[#This Row],[Humánerő]],0) -> 0 | AF8: =IFERROR(Folyamat[[#This Row],[Extra nap]],"") -> 0 | AG8: =ROUNDUP((Mérföldkövek[[#This Row],[Tervezettidő]]*24)/8,0)+Mérföldkövek[[#This Row],[Extra nap]] -> 0 | AH8: =IF(OR(Mérföldkövek[[#This Row],[Kezdés]]<4000,Mérföldkövek[[#This Row],[Napok száma]]=""),0,ROUNDUP((Mérföldkövek[[#This Row],[Napok száma]]-NETWORKDAYS(Mérföldkövek[[#This Row],[Kezdés]],Mérföldkövek[[#This Row],[Kezdés]]+Mérföldkövek[[#This Row],[Napok száma]]-1,0))/2,0)*2) -> 2 | AJ8: {=IF(AND(Mérföldkövek[[#This Row],[Szülő feladat ID]]<>"",Mérföldkövek[[#This Row],[Feladat Függöség Tipusa]]<>""),_xlfn.IFS(Mérföldkövek[[#This Row],[Feladat Függöség Tipusa]]="FF",_xlfn.XLOOKUP(Mérföldkövek[[#This Row],[Szülő feladat ID]],Mérföldkövek[Feladat ID],Mérföldkövek[Befejezés]),Mérföldkövek[[#This Row],[Feladat Függöség Tipusa]]="SF",_xlfn.XLOOKUP(Mérföldkövek[[#This Row],[Szülő feladat ID]],Mérföldkövek[Feladat ID],Mérföldkövek[Kezdés]),TRUE,0),0)} -> 0 | AK8: =IF(OR(Mérföldkövek[[#This Row],[Kezdés]]=0,Mérföldkövek[[#This Row],[Napok száma]]=0),0,Mérföldkövek[[#This Row],[Kezdés]]+Mérföldkövek[[#This Row],[Napok száma]]-1+Mérföldkövek[[#This Row],[Nem munkanap]]) -> 0 | AL8: {=_xlfn.IFS(Mérföldkövek[[#This Row],[Fixbefejezés]]<>0,Mérföldkövek[[#This Row],[Fixbefejezés]],Mérföldkövek[[#This Row],[Függöbefejezés]]<>0,Mérföldkövek[[#This Row],[Függöbefejezés]],Mérföldkövek[[#This Row],[Kalkulált befejezés]]<>0,Mérföldkövek[[#This Row],[Kalkulált befejezés]],TRUE,0)} -> 0 | AM8: =IF(OR(WEEKDAY(Mérföldkövek[[#This Row],[Kalkulált befejezés2]],2)>5), WORKDAY(Mérföldkövek[[#This Row],[Kalkulált befejezés2]],1), Mérföldkövek[[#This Row],[Kalkulált befejezés2]]) -> 2
A9: =IFERROR(Folyamat[[#This Row],[DSMR]],"") -> ProjektSzám | B9: =IFERROR(Folyamat[[#This Row],[Feladat Rövidnév]],"") -> GyI-E.03 | C9: =IFERROR(Mérföldkövek[[#This Row],[Projekt azonosító]] & "-" & Mérföldkövek[[#This Row],[Feladat Rövidnév]],"") -> ProjektSzám-GyI-E.03 | D9: =IFERROR(Folyamat[[#This Row],[Feladat leírás]],"") -> Megerndelőlap elenőrzése | E9: =IFERROR(Folyamat[[#This Row],[Feladat Tipus]],"") -> Folyamat | F9: =IFERROR(Folyamat[[#This Row],[Kockázat]],"") -> Terv szerint | G9: =IFERROR(Folyamat[[#This Row],[Részleg 02]],"") -> Gyártás Iroda | H9: =IFERROR(Folyamat[[#This Row],[Részleg 01]],"") -> Műszaki tervezés | I9: =IFERROR(Folyamat[[#This Row],[Felelős]],"") -> Simon Kázmér | J9: =IFERROR(Folyamat[[#This Row],[Támogató]],"") -> 0 | M9: =IFERROR(Folyamat[[#This Row],[Volumen]],"") -> 1 | N9: =IFERROR(Folyamat[[#This Row],[Egység idő]],"") -> 0.041666667 | O9: =IFERROR(Folyamat[[#This Row],[Humánerő]],"") -> 1 | P9: =IFERROR(IF(Folyamat[[#This Row],[Ősszefoglaló feladat ID]]=0,"",Folyamat[[#This Row],[Ősszefoglaló feladat ID]]),"") -> ProjektSzám-GyI-E.00 | Q9: =IFERROR(IF(Folyamat[[#This Row],[Szülő feladat ID]]=0,"",Folyamat[[#This Row],[Szülő feladat ID]]),"") -> ProjektSzám-GyI-E.02.01 | R9: =IFERROR(IF(Folyamat[[#This Row],[Feladat Függöség Tipusa]]=0,"",Folyamat[[#This Row],[Feladat Függöség Tipusa]]),"") -> SS | S9: =IFERROR(Folyamat[[#This Row],[Feladat Késleltetés]],"") -> 0 | U9: =IFERROR(Folyamat[[#This Row],[Feladat Elinditása Részleges készültség esetén]],"") -> 1 | V9: =IF(Mérföldkövek[[#This Row],[Szülő feladat ID]]<>"",IF(AND(Mérföldkövek[[#This Row],[Feladat Elinditása Részleges készültség esetén]]<=_xlfn.XLOOKUP(Mérföldkövek[[#This Row],[Szülő feladat ID]],Mérföldkövek[Feladat ID],Mérföldkövek[Készültség]),TODAY()<_xlfn.XLOOKUP(Mérföldkövek[[#This Row],[Szülő feladat ID]],Mérföldkövek[Feladat ID],Mérföldkövek[Befejezés])),TODAY(),0),0) -> 0 | W9: {=IF(AND(Mérföldkövek[[#This Row],[Szülő feladat ID]]<>"",Mérföldkövek[[#This Row],[Feladat Függöség Tipusa]]<>""),_xlfn.IFS(Mérföldkövek[[#This Row],[Feladat Függöség Tipusa]]="FS",_xlfn.XLOOKUP(Mérföldkövek[[#This Row],[Szülő feladat ID]],Mérföldkövek[Feladat ID],Mérföldkövek[Befejezés]+1),Mérföldkövek[[#This Row],[Feladat Függöség Tipusa]]="SS",_xlfn.XLOOKUP(Mérföldkövek[[#This Row],[Szülő feladat ID]],Mérföldkövek[Feladat ID],Mérföldkövek[Kezdés]),TRUE,0),0)} -> 45825 | X9: =Mérföldkövek[[#This Row],[Függökezdés Kalkulált]]+Mérföldkövek[[#This Row],[Feladat Késleltetés]] -> 45825 | Y9: =IF(Mérföldkövek[[#This Row],[Feladat Késleltetés]] = 0,0,IF(Mérföldkövek[[#This Row],[Feladat Késleltetés]]>(NETWORKDAYS(Mérföldkövek[[#This Row],[Függökezdés Kalkulált]],Mérföldkövek[[#This Row],[Függökezdés késleltetett]])-1),Mérföldkövek[[#This Row],[Feladat Késleltetés]]-(NETWORKDAYS(Mérföldkövek[[#This Row],[Függökezdés Kalkulált]],Mérföldkövek[[#This Row],[Függökezdés késleltetett]])-1))) -> 0 | Z9: =IF(OR(WEEKDAY(Mérföldkövek[[#This Row],[Függökezdés Kalkulált]],2)>5), WORKDAY(Mérföldkövek[[#This Row],[Függökezdés Kalkulált]],1), Mérföldkövek[[#This Row],[Függökezdés Kalkulált]]) + Mérföldkövek[[#This Row],[Függökezdés késleltetett plusz]] -> 45825 | AA9: {=_xlfn.IFS(Mérföldkövek[[#This Row],[Fix kexdés]]<>0,Mérföldkövek[[#This Row],[Fix kexdés]],Mérföldkövek[[#This Row],[Részleges Kezdés]]<>0,Mérföldkövek[[#This Row],[Részleges Kezdés]],Mérföldkövek[[#This Row],[Függökezdés]]<>0,Mérföldkövek[[#This Row],[Függökezdés]],TRUE,0)} -> 45825 | AB9: =IF(Mérföldkövek[[#This Row],[Volumen]]<=0,0,IF(OR(WEEKDAY(Mérföldkövek[[#This Row],[Kalkulált kezdés]],2)>5), WORKDAY(Mérföldkövek[[#This Row],[Kalkulált kezdés]],1), Mérföldkövek[[#This Row],[Kalkulált kezdés]])) -> 45825 | AD9: =IF(AND(Mérföldkövek[[#This Row],[Volumen]]<>0,Mérföldkövek[[#This Row],[Volumen]]<>"",Mérföldkövek[[#This Row],[Egység idő]]<>0,Mérföldkövek[[#This Row],[Egység idő]]<>""),Mérföldkövek[[#This Row],[Volumen]]*Mérföldkövek[[#This Row],[Egység idő]],0) -> 0.041666667 | AE9: =IF(AND(Mérföldkövek[[#This Row],[Volumen]]<>0,Mérföldkövek[[#This Row],[Volumen]]<>"",Mérföldkövek[[#This Row],[Egység idő]]<>0,Mérföldkövek[[#This Row],[Egység idő]]<>""),Mérföldkövek[[#This Row],[Volumen]]*Mérföldkövek[[#This Row],[Egység idő]]*Mérföldkövek[[#This Row],[Humánerő]],0) -> 0.041666667 | AF9: =IFERROR(Folyamat[[#This Row],[Extra nap]],"") -> 0 | AG9: =ROUNDUP((Mérföldkövek[[#This Row],[Tervezettidő]]*24)/8,0)+Mérföldkövek[[#This Row],[Extra nap]] -> 1 | AH9: =IF(OR(Mérföldkövek[[#This Row],[Kezdés]]<4000,Mérföldkövek[[#This Row],[Napok száma]]=""),0,ROUNDUP((Mérföldkövek[[#This Row],[Napok száma]]-NETWORKDAYS(Mérföldkövek[[#This Row],[Kezdés]],Mérföldkövek[[#This Row],[Kezdés]]+Mérföldkövek[[#This Row],[Napok száma]]-1,0))/2,0)*2) -> 0 | AJ9: {=IF(AND(Mérföldkövek[[#This Row],[Szülő feladat ID]]<>"",Mérföldkövek[[#This Row],[Feladat Függöség Tipusa]]<>""),_xlfn.IFS(Mérföldkövek[[#This Row],[Feladat Függöség Tipusa]]="FF",_xlfn.XLOOKUP(Mérföldkövek[[#This Row],[Szülő feladat ID]],Mérföldkövek[Feladat ID],Mérföldkövek[Befejezés]),Mérföldkövek[[#This Row],[Feladat Függöség Tipusa]]="SF",_xlfn.XLOOKUP(Mérföldkövek[[#This Row],[Szülő feladat ID]],Mérföldkövek[Feladat ID],Mérföldkövek[Kezdés]),TRUE,0),0)} -> 0 | AK9: =IF(OR(Mérföldkövek[[#This Row],[Kezdés]]=0,Mérföldkövek[[#This Row],[Napok száma]]=0),0,Mérföldkövek[[#This Row],[Kezdés]]+Mérföldkövek[[#This Row],[Napok száma]]-1+Mérföldkövek[[#This Row],[Nem munkanap]]) -> 45825 | AL9: {=_xlfn.IFS(Mérföldkövek[[#This Row],[Fixbefejezés]]<>0,Mérföldkövek[[#This Row],[Fixbefejezés]],Mérföldkövek[[#This Row],[Függöbefejezés]]<>0,Mérföldkövek[[#This Row],[Függöbefejezés]],Mérföldkövek[[#This Row],[Kalkulált befejezés]]<>0,Mérföldkövek[[#This Row],[Kalkulált befejezés]],TRUE,0)} -> 45825 | AM9: =IF(OR(WEEKDAY(Mérföldkövek[[#This Row],[Kalkulált befejezés2]],2)>5), WORKDAY(Mérföldkövek[[#This Row],[Kalkulált befejezés2]],1), Mérföldkövek[[#This Row],[Kalkulált befejezés2]]) -> 45825
A10: =IFERROR(Folyamat[[#This Row],[DSMR]],"") -> ProjektSzám | B10: =IFERROR(Folyamat[[#This Row],[Feladat Rövidnév]],"") -> GyI-E.04 | C10: =IFERROR(Mérföldkövek[[#This Row],[Projekt azonosító]] & "-" & Mérföldkövek[[#This Row],[Feladat Rövidnév]],"") -> ProjektSzám-GyI-E.04 | D10: =IFERROR(Folyamat[[#This Row],[Feladat leírás]],"") -> Információk elenőrzése | E10: =IFERROR(Folyamat[[#This Row],[Feladat Tipus]],"") -> Folyamat | F10: =IFERROR(Folyamat[[#This Row],[Kockázat]],"") -> Terv szerint | G10: =IFERROR(Folyamat[[#This Row],[Részleg 02]],"") -> Gyártás Iroda | H10: =IFERROR(Folyamat[[#This Row],[Részleg 01]],"") -> Műszaki tervezés | I10: =IFERROR(Folyamat[[#This Row],[Felelős]],"") -> Simon Kázmér | J10: =IFERROR(Folyamat[[#This Row],[Támogató]],"") -> Szántói Gábor | M10: =IFERROR(Folyamat[[#This Row],[Volumen]],"") -> 1 | N10: =IFERROR(Folyamat[[#This Row],[Egység idő]],"") -> 0.041666667 | O10: =IFERROR(Folyamat[[#This Row],[Humánerő]],"") -> 1 | P10: =IFERROR(IF(Folyamat[[#This Row],[Ősszefoglaló feladat ID]]=0,"",Folyamat[[#This Row],[Ősszefoglaló feladat ID]]),"") -> ProjektSzám-GyI-E.00 | Q10: =IFERROR(IF(Folyamat[[#This Row],[Szülő feladat ID]]=0,"",Folyamat[[#This Row],[Szülő feladat ID]]),"") -> ProjektSzám-GyI-E.03 | R10: =IFERROR(IF(Folyamat[[#This Row],[Feladat Függöség Tipusa]]=0,"",Folyamat[[#This Row],[Feladat Függöség Tipusa]]),"") -> SS | S10: =IFERROR(Folyamat[[#This Row],[Feladat Késleltetés]],"") -> 0 | U10: =IFERROR(Folyamat[[#This Row],[Feladat Elinditása Részleges készültség esetén]],"") -> 1 | V10: =IF(Mérföldkövek[[#This Row],[Szülő feladat ID]]<>"",IF(AND(Mérföldkövek[[#This Row],[Feladat Elinditása Részleges készültség esetén]]<=_xlfn.XLOOKUP(Mérföldkövek[[#This Row],[Szülő feladat ID]],Mérföldkövek[Feladat ID],Mérföldkövek[Készültség]),TODAY()<_xlfn.XLOOKUP(Mérföldkövek[[#This Row],[Szülő feladat ID]],Mérföldkövek[Feladat ID],Mérföldkövek[Befejezés])),TODAY(),0),0) -> 0 | W10: {=IF(AND(Mérföldkövek[[#This Row],[Szülő feladat ID]]<>"",Mérföldkövek[[#This Row],[Feladat Függöség Tipusa]]<>""),_xlfn.IFS(Mérföldkövek[[#This Row],[Feladat Függöség Tipusa]]="FS",_xlfn.XLOOKUP(Mérföldkövek[[#This Row],[Szülő feladat ID]],Mérföldkövek[Feladat ID],Mérföldkövek[Befejezés]+1),Mérföldkövek[[#This Row],[Feladat Függöség Tipusa]]="SS",_xlfn.XLOOKUP(Mérföldkövek[[#This Row],[Szülő feladat ID]],Mérföldkövek[Feladat ID],Mérföldkövek[Kezdés]),TRUE,0),0)} -> 45825 | X10: =Mérföldkövek[[#This Row],[Függökezdés Kalkulált]]+Mérföldkövek[[#This Row],[Feladat Késleltetés]] -> 45825 | Y10: =IF(Mérföldkövek[[#This Row],[Feladat Késleltetés]] = 0,0,IF(Mérföldkövek[[#This Row],[Feladat Késleltetés]]>(NETWORKDAYS(Mérföldkövek[[#This Row],[Függökezdés Kalkulált]],Mérföldkövek[[#This Row],[Függökezdés késleltetett]])-1),Mérföldkövek[[#This Row],[Feladat Késleltetés]]-(NETWORKDAYS(Mérföldkövek[[#This Row],[Függökezdés Kalkulált]],Mérföldkövek[[#This Row],[Függökezdés késleltetett]])-1))) -> 0 | Z10: =IF(OR(WEEKDAY(Mérföldkövek[[#This Row],[Függökezdés Kalkulált]],2)>5), WORKDAY(Mérföldkövek[[#This Row],[Függökezdés Kalkulált]],1), Mérföldkövek[[#This Row],[Függökezdés Kalkulált]]) + Mérföldkövek[[#This Row],[Függökezdés késleltetett plusz]] -> 45825 | AA10: {=_xlfn.IFS(Mérföldkövek[[#This Row],[Fix kexdés]]<>0,Mérföldkövek[[#This Row],[Fix kexdés]],Mérföldkövek[[#This Row],[Részleges Kezdés]]<>0,Mérföldkövek[[#This Row],[Részleges Kezdés]],Mérföldkövek[[#This Row],[Függökezdés]]<>0,Mérföldkövek[[#This Row],[Függökezdés]],TRUE,0)} -> 45825 | AB10: =IF(Mérföldkövek[[#This Row],[Volumen]]<=0,0,IF(OR(WEEKDAY(Mérföldkövek[[#This Row],[Kalkulált kezdés]],2)>5), WORKDAY(Mérföldkövek[[#This Row],[Kalkulált kezdés]],1), Mérföldkövek[[#This Row],[Kalkulált kezdés]])) -> 45825 | AD10: =IF(AND(Mérföldkövek[[#This Row],[Volumen]]<>0,Mérföldkövek[[#This Row],[Volumen]]<>"",Mérföldkövek[[#This Row],[Egység idő]]<>0,Mérföldkövek[[#This Row],[Egység idő]]<>""),Mérföldkövek[[#This Row],[Volumen]]*Mérföldkövek[[#This Row],[Egység idő]],0) -> 0.041666667 | AE10: =IF(AND(Mérföldkövek[[#This Row],[Volumen]]<>0,Mérföldkövek[[#This Row],[Volumen]]<>"",Mérföldkövek[[#This Row],[Egység idő]]<>0,Mérföldkövek[[#This Row],[Egység idő]]<>""),Mérföldkövek[[#This Row],[Volumen]]*Mérföldkövek[[#This Row],[Egység idő]]*Mérföldkövek[[#This Row],[Humánerő]],0) -> 0.041666667 | AF10: =IFERROR(Folyamat[[#This Row],[Extra nap]],"") -> 0 | AG10: =ROUNDUP((Mérföldkövek[[#This Row],[Tervezettidő]]*24)/8,0)+Mérföldkövek[[#This Row],[Extra nap]] -> 1 | AH10: =IF(OR(Mérföldkövek[[#This Row],[Kezdés]]<4000,Mérföldkövek[[#This Row],[Napok száma]]=""),0,ROUNDUP((Mérföldkövek[[#This Row],[Napok száma]]-NETWORKDAYS(Mérföldkövek[[#This Row],[Kezdés]],Mérföldkövek[[#This Row],[Kezdés]]+Mérföldkövek[[#This Row],[Napok száma]]-1,0))/2,0)*2) -> 0 | AJ10: {=IF(AND(Mérföldkövek[[#This Row],[Szülő feladat ID]]<>"",Mérföldkövek[[#This Row],[Feladat Függöség Tipusa]]<>""),_xlfn.IFS(Mérföldkövek[[#This Row],[Feladat Függöség Tipusa]]="FF",_xlfn.XLOOKUP(Mérföldkövek[[#This Row],[Szülő feladat ID]],Mérföldkövek[Feladat ID],Mérföldkövek[Befejezés]),Mérföldkövek[[#This Row],[Feladat Függöség Tipusa]]="SF",_xlfn.XLOOKUP(Mérföldkövek[[#This Row],[Szülő feladat ID]],Mérföldkövek[Feladat ID],Mérföldkövek[Kezdés]),TRUE,0),0)} -> 0 | AK10: =IF(OR(Mérföldkövek[[#This Row],[Kezdés]]=0,Mérföldkövek[[#This Row],[Napok száma]]=0),0,Mérföldkövek[[#This Row],[Kezdés]]+Mérföldkövek[[#This Row],[Napok száma]]-1+Mérföldkövek[[#This Row],[Nem munkanap]]) -> 45825 | AL10: {=_xlfn.IFS(Mérföldkövek[[#This Row],[Fixbefejezés]]<>0,Mérföldkövek[[#This Row],[Fixbefejezés]],Mérföldkövek[[#This Row],[Függöbefejezés]]<>0,Mérföldkövek[[#This Row],[Függöbefejezés]],Mérföldkövek[[#This Row],[Kalkulált befejezés]]<>0,Mérföldkövek[[#This Row],[Kalkulált befejezés]],TRUE,0)} -> 45825 | AM10: =IF(OR(WEEKDAY(Mérföldkövek[[#This Row],[Kalkulált befejezés2]],2)>5), WORKDAY(Mérföldkövek[[#This Row],[Kalkulált befejezés2]],1), Mérföldkövek[[#This Row],[Kalkulált befejezés2]]) -> 45825
A11: =IFERROR(Folyamat[[#This Row],[DSMR]],"") -> ProjektSzám | B11: =IFERROR(Folyamat[[#This Row],[Feladat Rövidnév]],"") -> GyI-E.05 | C11: =IFERROR(Mérföldkövek[[#This Row],[Projekt azonosító]] & "-" & Mérföldkövek[[#This Row],[Feladat Rövidnév]],"") -> ProjektSzám-GyI-E.05 | D11: =IFERROR(Folyamat[[#This Row],[Feladat leírás]],"") -> Meghajtón a mappa előkészítése | E11: =IFERROR(Folyamat[[#This Row],[Feladat Tipus]],"") -> Folyamat | F11: =IFERROR(Folyamat[[#This Row],[Kockázat]],"") -> Terv szerint | G11: =IFERROR(Folyamat[[#This Row],[Részleg 02]],"") -> Gyártás Iroda | H11: =IFERROR(Folyamat[[#This Row],[Részleg 01]],"") -> Műszaki tervezés | I11: =IFERROR(Folyamat[[#This Row],[Felelős]],"") -> Simon Kázmér | J11: =IFERROR(Folyamat[[#This Row],[Támogató]],"") -> 0 | M11: =IFERROR(Folyamat[[#This Row],[Volumen]],"") -> 1 | N11: =IFERROR(Folyamat[[#This Row],[Egység idő]],"") -> 0.041666667 | O11: =IFERROR(Folyamat[[#This Row],[Humánerő]],"") -> 1 | P11: =IFERROR(IF(Folyamat[[#This Row],[Ősszefoglaló feladat ID]]=0,"",Folyamat[[#This Row],[Ősszefoglaló feladat ID]]),"") -> ProjektSzám-GyI-E.00 | Q11: =IFERROR(IF(Folyamat[[#This Row],[Szülő feladat ID]]=0,"",Folyamat[[#This Row],[Szülő feladat ID]]),"") -> ProjektSzám-GyI-E.04 | R11: =IFERROR(IF(Folyamat[[#This Row],[Feladat Függöség Tipusa]]=0,"",Folyamat[[#This Row],[Feladat Függöség Tipusa]]),"") -> SS | S11: =IFERROR(Folyamat[[#This Row],[Feladat Késleltetés]],"") -> 0 | U11: =IFERROR(Folyamat[[#This Row],[Feladat Elinditása Részleges készültség esetén]],"") -> 1 | V11: =IF(Mérföldkövek[[#This Row],[Szülő feladat ID]]<>"",IF(AND(Mérföldkövek[[#This Row],[Feladat Elinditása Részleges készültség esetén]]<=_xlfn.XLOOKUP(Mérföldkövek[[#This Row],[Szülő feladat ID]],Mérföldkövek[Feladat ID],Mérföldkövek[Készültség]),TODAY()<_xlfn.XLOOKUP(Mérföldkövek[[#This Row],[Szülő feladat ID]],Mérföldkövek[Feladat ID],Mérföldkövek[Befejezés])),TODAY(),0),0) -> 0 | W11: {=IF(AND(Mérföldkövek[[#This Row],[Szülő feladat ID]]<>"",Mérföldkövek[[#This Row],[Feladat Függöség Tipusa]]<>""),_xlfn.IFS(Mérföldkövek[[#This Row],[Feladat Függöség Tipusa]]="FS",_xlfn.XLOOKUP(Mérföldkövek[[#This Row],[Szülő feladat ID]],Mérföldkövek[Feladat ID],Mérföldkövek[Befejezés]+1),Mérföldkövek[[#This Row],[Feladat Függöség Tipusa]]="SS",_xlfn.XLOOKUP(Mérföldkövek[[#This Row],[Szülő feladat ID]],Mérföldkövek[Feladat ID],Mérföldkövek[Kezdés]),TRUE,0),0)} -> 45825 | X11: =Mérföldkövek[[#This Row],[Függökezdés Kalkulált]]+Mérföldkövek[[#This Row],[Feladat Késleltetés]] -> 45825 | Y11: =IF(Mérföldkövek[[#This Row],[Feladat Késleltetés]] = 0,0,IF(Mérföldkövek[[#This Row],[Feladat Késleltetés]]>(NETWORKDAYS(Mérföldkövek[[#This Row],[Függökezdés Kalkulált]],Mérföldkövek[[#This Row],[Függökezdés késleltetett]])-1),Mérföldkövek[[#This Row],[Feladat Késleltetés]]-(NETWORKDAYS(Mérföldkövek[[#This Row],[Függökezdés Kalkulált]],Mérföldkövek[[#This Row],[Függökezdés késleltetett]])-1))) -> 0 | Z11: =IF(OR(WEEKDAY(Mérföldkövek[[#This Row],[Függökezdés Kalkulált]],2)>5), WORKDAY(Mérföldkövek[[#This Row],[Függökezdés Kalkulált]],1), Mérföldkövek[[#This Row],[Függökezdés Kalkulált]]) + Mérföldkövek[[#This Row],[Függökezdés késleltetett plusz]] -> 45825 | AA11: {=_xlfn.IFS(Mérföldkövek[[#This Row],[Fix kexdés]]<>0,Mérföldkövek[[#This Row],[Fix kexdés]],Mérföldkövek[[#This Row],[Részleges Kezdés]]<>0,Mérföldkövek[[#This Row],[Részleges Kezdés]],Mérföldkövek[[#This Row],[Függökezdés]]<>0,Mérföldkövek[[#This Row],[Függökezdés]],TRUE,0)} -> 45825 | AB11: =IF(Mérföldkövek[[#This Row],[Volumen]]<=0,0,IF(OR(WEEKDAY(Mérföldkövek[[#This Row],[Kalkulált kezdés]],2)>5), WORKDAY(Mérföldkövek[[#This Row],[Kalkulált kezdés]],1), Mérföldkövek[[#This Row],[Kalkulált kezdés]])) -> 45825 | AD11: =IF(AND(Mérföldkövek[[#This Row],[Volumen]]<>0,Mérföldkövek[[#This Row],[Volumen]]<>"",Mérföldkövek[[#This Row],[Egység idő]]<>0,Mérföldkövek[[#This Row],[Egység idő]]<>""),Mérföldkövek[[#This Row],[Volumen]]*Mérföldkövek[[#This Row],[Egység idő]],0) -> 0.041666667 | AE11: =IF(AND(Mérföldkövek[[#This Row],[Volumen]]<>0,Mérföldkövek[[#This Row],[Volumen]]<>"",Mérföldkövek[[#This Row],[Egység idő]]<>0,Mérföldkövek[[#This Row],[Egység idő]]<>""),Mérföldkövek[[#This Row],[Volumen]]*Mérföldkövek[[#This Row],[Egység idő]]*Mérföldkövek[[#This Row],[Humánerő]],0) -> 0.041666667 | AF11: =IFERROR(Folyamat[[#This Row],[Extra nap]],"") -> 0 | AG11: =ROUNDUP((Mérföldkövek[[#This Row],[Tervezettidő]]*24)/8,0)+Mérföldkövek[[#This Row],[Extra nap]] -> 1 | AH11: =IF(OR(Mérföldkövek[[#This Row],[Kezdés]]<4000,Mérföldkövek[[#This Row],[Napok száma]]=""),0,ROUNDUP((Mérföldkövek[[#This Row],[Napok száma]]-NETWORKDAYS(Mérföldkövek[[#This Row],[Kezdés]],Mérföldkövek[[#This Row],[Kezdés]]+Mérföldkövek[[#This Row],[Napok száma]]-1,0))/2,0)*2) -> 0 | AJ11: {=IF(AND(Mérföldkövek[[#This Row],[Szülő feladat ID]]<>"",Mérföldkövek[[#This Row],[Feladat Függöség Tipusa]]<>""),_xlfn.IFS(Mérföldkövek[[#This Row],[Feladat Függöség Tipusa]]="FF",_xlfn.XLOOKUP(Mérföldkövek[[#This Row],[Szülő feladat ID]],Mérföldkövek[Feladat ID],Mérföldkövek[Befejezés]),Mérföldkövek[[#This Row],[Feladat Függöség Tipusa]]="SF",_xlfn.XLOOKUP(Mérföldkövek[[#This Row],[Szülő feladat ID]],Mérföldkövek[Feladat ID],Mérföldkövek[Kezdés]),TRUE,0),0)} -> 0 | AK11: =IF(OR(Mérföldkövek[[#This Row],[Kezdés]]=0,Mérföldkövek[[#This Row],[Napok száma]]=0),0,Mérföldkövek[[#This Row],[Kezdés]]+Mérföldkövek[[#This Row],[Napok száma]]-1+Mérföldkövek[[#This Row],[Nem munkanap]]) -> 45825 | AL11: {=_xlfn.IFS(Mérföldkövek[[#This Row],[Fixbefejezés]]<>0,Mérföldkövek[[#This Row],[Fixbefejezés]],Mérföldkövek[[#This Row],[Függöbefejezés]]<>0,Mérföldkövek[[#This Row],[Függöbefejezés]],Mérföldkövek[[#This Row],[Kalkulált befejezés]]<>0,Mérföldkövek[[#This Row],[Kalkulált befejezés]],TRUE,0)} -> 45825 | AM11: =IF(OR(WEEKDAY(Mérföldkövek[[#This Row],[Kalkulált befejezés2]],2)>5), WORKDAY(Mérföldkövek[[#This Row],[Kalkulált befejezés2]],1), Mérföldkövek[[#This Row],[Kalkulált befejezés2]]) -> 45825
A12: =IFERROR(Folyamat[[#This Row],[DSMR]],"") -> ProjektSzám | B12: =IFERROR(Folyamat[[#This Row],[Feladat Rövidnév]],"") -> GyI-E.06 | C12: =IFERROR(Mérföldkövek[[#This Row],[Projekt azonosító]] & "-" & Mérföldkövek[[#This Row],[Feladat Rövidnév]],"") -> ProjektSzám-GyI-E.06 | D12: =IFERROR(Folyamat[[#This Row],[Feladat leírás]],"") -> Kiíróba átvezetés | E12: =IFERROR(Folyamat[[#This Row],[Feladat Tipus]],"") -> Folyamat | F12: =IFERROR(Folyamat[[#This Row],[Kockázat]],"") -> Terv szerint | G12: =IFERROR(Folyamat[[#This Row],[Részleg 02]],"") -> Gyártás Iroda | H12: =IFERROR(Folyamat[[#This Row],[Részleg 01]],"") -> Műszaki tervezés | I12: =IFERROR(Folyamat[[#This Row],[Felelős]],"") -> Simon Kázmér | J12: =IFERROR(Folyamat[[#This Row],[Támogató]],"") -> Szántói Gábor | M12: =IFERROR(Folyamat[[#This Row],[Volumen]],"") -> 1 | N12: =IFERROR(Folyamat[[#This Row],[Egység idő]],"") -> 0.041666667 | O12: =IFERROR(Folyamat[[#This Row],[Humánerő]],"") -> 1 | P12: =IFERROR(IF(Folyamat[[#This Row],[Ősszefoglaló feladat ID]]=0,"",Folyamat[[#This Row],[Ősszefoglaló feladat ID]]),"") -> ProjektSzám-GyI-E.00 | Q12: =IFERROR(IF(Folyamat[[#This Row],[Szülő feladat ID]]=0,"",Folyamat[[#This Row],[Szülő feladat ID]]),"") -> ProjektSzám-GyI-E.05 | R12: =IFERROR(IF(Folyamat[[#This Row],[Feladat Függöség Tipusa]]=0,"",Folyamat[[#This Row],[Feladat Függöség Tipusa]]),"") -> SS | S12: =IFERROR(Folyamat[[#This Row],[Feladat Késleltetés]],"") -> 0 | U12: =IFERROR(Folyamat[[#This Row],[Feladat Elinditása Részleges készültség esetén]],"") -> 1 | V12: =IF(Mérföldkövek[[#This Row],[Szülő feladat ID]]<>"",IF(AND(Mérföldkövek[[#This Row],[Feladat Elinditása Részleges készültség esetén]]<=_xlfn.XLOOKUP(Mérföldkövek[[#This Row],[Szülő feladat ID]],Mérföldkövek[Feladat ID],Mérföldkövek[Készültség]),TODAY()<_xlfn.XLOOKUP(Mérföldkövek[[#This Row],[Szülő feladat ID]],Mérföldkövek[Feladat ID],Mérföldkövek[Befejezés])),TODAY(),0),0) -> 0 | W12: {=IF(AND(Mérföldkövek[[#This Row],[Szülő feladat ID]]<>"",Mérföldkövek[[#This Row],[Feladat Függöség Tipusa]]<>""),_xlfn.IFS(Mérföldkövek[[#This Row],[Feladat Függöség Tipusa]]="FS",_xlfn.XLOOKUP(Mérföldkövek[[#This Row],[Szülő feladat ID]],Mérföldkövek[Feladat ID],Mérföldkövek[Befejezés]+1),Mérföldkövek[[#This Row],[Feladat Függöség Tipusa]]="SS",_xlfn.XLOOKUP(Mérföldkövek[[#This Row],[Szülő feladat ID]],Mérföldkövek[Feladat ID],Mérföldkövek[Kezdés]),TRUE,0),0)} -> 45825 | X12: =Mérföldkövek[[#This Row],[Függökezdés Kalkulált]]+Mérföldkövek[[#This Row],[Feladat Késleltetés]] -> 45825 | Y12: =IF(Mérföldkövek[[#This Row],[Feladat Késleltetés]] = 0,0,IF(Mérföldkövek[[#This Row],[Feladat Késleltetés]]>(NETWORKDAYS(Mérföldkövek[[#This Row],[Függökezdés Kalkulált]],Mérföldkövek[[#This Row],[Függökezdés késleltetett]])-1),Mérföldkövek[[#This Row],[Feladat Késleltetés]]-(NETWORKDAYS(Mérföldkövek[[#This Row],[Függökezdés Kalkulált]],Mérföldkövek[[#This Row],[Függökezdés késleltetett]])-1))) -> 0 | Z12: =IF(OR(WEEKDAY(Mérföldkövek[[#This Row],[Függökezdés Kalkulált]],2)>5), WORKDAY(Mérföldkövek[[#This Row],[Függökezdés Kalkulált]],1), Mérföldkövek[[#This Row],[Függökezdés Kalkulált]]) + Mérföldkövek[[#This Row],[Függökezdés késleltetett plusz]] -> 45825 | AA12: {=_xlfn.IFS(Mérföldkövek[[#This Row],[Fix kexdés]]<>0,Mérföldkövek[[#This Row],[Fix kexdés]],Mérföldkövek[[#This Row],[Részleges Kezdés]]<>0,Mérföldkövek[[#This Row],[Részleges Kezdés]],Mérföldkövek[[#This Row],[Függökezdés]]<>0,Mérföldkövek[[#This Row],[Függökezdés]],TRUE,0)} -> 45825 | AB12: =IF(Mérföldkövek[[#This Row],[Volumen]]<=0,0,IF(OR(WEEKDAY(Mérföldkövek[[#This Row],[Kalkulált kezdés]],2)>5), WORKDAY(Mérföldkövek[[#This Row],[Kalkulált kezdés]],1), Mérföldkövek[[#This Row],[Kalkulált kezdés]])) -> 45825 | AD12: =IF(AND(Mérföldkövek[[#This Row],[Volumen]]<>0,Mérföldkövek[[#This Row],[Volumen]]<>"",Mérföldkövek[[#This Row],[Egység idő]]<>0,Mérföldkövek[[#This Row],[Egység idő]]<>""),Mérföldkövek[[#This Row],[Volumen]]*Mérföldkövek[[#This Row],[Egység idő]],0) -> 0.041666667 | AE12: =IF(AND(Mérföldkövek[[#This Row],[Volumen]]<>0,Mérföldkövek[[#This Row],[Volumen]]<>"",Mérföldkövek[[#This Row],[Egység idő]]<>0,Mérföldkövek[[#This Row],[Egység idő]]<>""),Mérföldkövek[[#This Row],[Volumen]]*Mérföldkövek[[#This Row],[Egység idő]]*Mérföldkövek[[#This Row],[Humánerő]],0) -> 0.041666667 | AF12: =IFERROR(Folyamat[[#This Row],[Extra nap]],"") -> 0 | AG12: =ROUNDUP((Mérföldkövek[[#This Row],[Tervezettidő]]*24)/8,0)+Mérföldkövek[[#This Row],[Extra nap]] -> 1 | AH12: =IF(OR(Mérföldkövek[[#This Row],[Kezdés]]<4000,Mérföldkövek[[#This Row],[Napok száma]]=""),0,ROUNDUP((Mérföldkövek[[#This Row],[Napok száma]]-NETWORKDAYS(Mérföldkövek[[#This Row],[Kezdés]],Mérföldkövek[[#This Row],[Kezdés]]+Mérföldkövek[[#This Row],[Napok száma]]-1,0))/2,0)*2) -> 0 | AJ12: {=IF(AND(Mérföldkövek[[#This Row],[Szülő feladat ID]]<>"",Mérföldkövek[[#This Row],[Feladat Függöség Tipusa]]<>""),_xlfn.IFS(Mérföldkövek[[#This Row],[Feladat Függöség Tipusa]]="FF",_xlfn.XLOOKUP(Mérföldkövek[[#This Row],[Szülő feladat ID]],Mérföldkövek[Feladat ID],Mérföldkövek[Befejezés]),Mérföldkövek[[#This Row],[Feladat Függöség Tipusa]]="SF",_xlfn.XLOOKUP(Mérföldkövek[[#This Row],[Szülő feladat ID]],Mérföldkövek[Feladat ID],Mérföldkövek[Kezdés]),TRUE,0),0)} -> 0 | AK12: =IF(OR(Mérföldkövek[[#This Row],[Kezdés]]=0,Mérföldkövek[[#This Row],[Napok száma]]=0),0,Mérföldkövek[[#This Row],[Kezdés]]+Mérföldkövek[[#This Row],[Napok száma]]-1+Mérföldkövek[[#This Row],[Nem munkanap]]) -> 45825 | AL12: {=_xlfn.IFS(Mérföldkövek[[#This Row],[Fixbefejezés]]<>0,Mérföldkövek[[#This Row],[Fixbefejezés]],Mérföldkövek[[#This Row],[Függöbefejezés]]<>0,Mérföldkövek[[#This Row],[Függöbefejezés]],Mérföldkövek[[#This Row],[Kalkulált befejezés]]<>0,Mérföldkövek[[#This Row],[Kalkulált befejezés]],TRUE,0)} -> 45825 | AM12: =IF(OR(WEEKDAY(Mérföldkövek[[#This Row],[Kalkulált befejezés2]],2)>5), WORKDAY(Mérföldkövek[[#This Row],[Kalkulált befejezés2]],1), Mérföldkövek[[#This Row],[Kalkulált befejezés2]]) -> 45825
A13: =IFERROR(Folyamat[[#This Row],[DSMR]],"") -> ProjektSzám | B13: =IFERROR(Folyamat[[#This Row],[Feladat Rövidnév]],"") -> GyI-E.07 | C13: =IFERROR(Mérföldkövek[[#This Row],[Projekt azonosító]] & "-" & Mérföldkövek[[#This Row],[Feladat Rövidnév]],"") -> ProjektSzám-GyI-E.07 | D13: =IFERROR(Folyamat[[#This Row],[Feladat leírás]],"") -> Kiíró elenőrzése | E13: =IFERROR(Folyamat[[#This Row],[Feladat Tipus]],"") -> Folyamat | F13: =IFERROR(Folyamat[[#This Row],[Kockázat]],"") -> Terv szerint | G13: =IFERROR(Folyamat[[#This Row],[Részleg 02]],"") -> Gyártás Iroda | H13: =IFERROR(Folyamat[[#This Row],[Részleg 01]],"") -> Műszaki tervezés | I13: =IFERROR(Folyamat[[#This Row],[Felelős]],"") -> Simon Kázmér | J13: =IFERROR(Folyamat[[#This Row],[Támogató]],"") -> 0 | M13: =IFERROR(Folyamat[[#This Row],[Volumen]],"") -> 1 | N13: =IFERROR(Folyamat[[#This Row],[Egység idő]],"") -> 0.041666667 | O13: =IFERROR(Folyamat[[#This Row],[Humánerő]],"") -> 1 | P13: =IFERROR(IF(Folyamat[[#This Row],[Ősszefoglaló feladat ID]]=0,"",Folyamat[[#This Row],[Ősszefoglaló feladat ID]]),"") -> ProjektSzám-GyI-E.00 | Q13: =IFERROR(IF(Folyamat[[#This Row],[Szülő feladat ID]]=0,"",Folyamat[[#This Row],[Szülő feladat ID]]),"") -> ProjektSzám-GyI-E.06 | R13: =IFERROR(IF(Folyamat[[#This Row],[Feladat Függöség Tipusa]]=0,"",Folyamat[[#This Row],[Feladat Függöség Tipusa]]),"") -> FS | S13: =IFERROR(Folyamat[[#This Row],[Feladat Késleltetés]],"") -> 0 | U13: =IFERROR(Folyamat[[#This Row],[Feladat Elinditása Részleges készültség esetén]],"") -> 1 | V13: =IF(Mérföldkövek[[#This Row],[Szülő feladat ID]]<>"",IF(AND(Mérföldkövek[[#This Row],[Feladat Elinditása Részleges készültség esetén]]<=_xlfn.XLOOKUP(Mérföldkövek[[#This Row],[Szülő feladat ID]],Mérföldkövek[Feladat ID],Mérföldkövek[Készültség]),TODAY()<_xlfn.XLOOKUP(Mérföldkövek[[#This Row],[Szülő feladat ID]],Mérföldkövek[Feladat ID],Mérföldkövek[Befejezés])),TODAY(),0),0) -> 0 | W13: {=IF(AND(Mérföldkövek[[#This Row],[Szülő feladat ID]]<>"",Mérföldkövek[[#This Row],[Feladat Függöség Tipusa]]<>""),_xlfn.IFS(Mérföldkövek[[#This Row],[Feladat Függöség Tipusa]]="FS",_xlfn.XLOOKUP(Mérföldkövek[[#This Row],[Szülő feladat ID]],Mérföldkövek[Feladat ID],Mérföldkövek[Befejezés]+1),Mérföldkövek[[#This Row],[Feladat Függöség Tipusa]]="SS",_xlfn.XLOOKUP(Mérföldkövek[[#This Row],[Szülő feladat ID]],Mérföldkövek[Feladat ID],Mérföldkövek[Kezdés]),TRUE,0),0)} -> 45826 | X13: =Mérföldkövek[[#This Row],[Függökezdés Kalkulált]]+Mérföldkövek[[#This Row],[Feladat Késleltetés]] -> 45826 | Y13: =IF(Mérföldkövek[[#This Row],[Feladat Késleltetés]] = 0,0,IF(Mérföldkövek[[#This Row],[Feladat Késleltetés]]>(NETWORKDAYS(Mérföldkövek[[#This Row],[Függökezdés Kalkulált]],Mérföldkövek[[#This Row],[Függökezdés késleltetett]])-1),Mérföldkövek[[#This Row],[Feladat Késleltetés]]-(NETWORKDAYS(Mérföldkövek[[#This Row],[Függökezdés Kalkulált]],Mérföldkövek[[#This Row],[Függökezdés késleltetett]])-1))) -> 0 | Z13: =IF(OR(WEEKDAY(Mérföldkövek[[#This Row],[Függökezdés Kalkulált]],2)>5), WORKDAY(Mérföldkövek[[#This Row],[Függökezdés Kalkulált]],1), Mérföldkövek[[#This Row],[Függökezdés Kalkulált]]) + Mérföldkövek[[#This Row],[Függökezdés késleltetett plusz]] -> 45826 | AA13: {=_xlfn.IFS(Mérföldkövek[[#This Row],[Fix kexdés]]<>0,Mérföldkövek[[#This Row],[Fix kexdés]],Mérföldkövek[[#This Row],[Részleges Kezdés]]<>0,Mérföldkövek[[#This Row],[Részleges Kezdés]],Mérföldkövek[[#This Row],[Függökezdés]]<>0,Mérföldkövek[[#This Row],[Függökezdés]],TRUE,0)} -> 45826 | AB13: =IF(Mérföldkövek[[#This Row],[Volumen]]<=0,0,IF(OR(WEEKDAY(Mérföldkövek[[#This Row],[Kalkulált kezdés]],2)>5), WORKDAY(Mérföldkövek[[#This Row],[Kalkulált kezdés]],1), Mérföldkövek[[#This Row],[Kalkulált kezdés]])) -> 45826 | AD13: =IF(AND(Mérföldkövek[[#This Row],[Volumen]]<>0,Mérföldkövek[[#This Row],[Volumen]]<>"",Mérföldkövek[[#This Row],[Egység idő]]<>0,Mérföldkövek[[#This Row],[Egység idő]]<>""),Mérföldkövek[[#This Row],[Volumen]]*Mérföldkövek[[#This Row],[Egység idő]],0) -> 0.041666667 | AE13: =IF(AND(Mérföldkövek[[#This Row],[Volumen]]<>0,Mérföldkövek[[#This Row],[Volumen]]<>"",Mérföldkövek[[#This Row],[Egység idő]]<>0,Mérföldkövek[[#This Row],[Egység idő]]<>""),Mérföldkövek[[#This Row],[Volumen]]*Mérföldkövek[[#This Row],[Egység idő]]*Mérföldkövek[[#This Row],[Humánerő]],0) -> 0.041666667 | AF13: =IFERROR(Folyamat[[#This Row],[Extra nap]],"") -> 0 | AG13: =ROUNDUP((Mérföldkövek[[#This Row],[Tervezettidő]]*24)/8,0)+Mérföldkövek[[#This Row],[Extra nap]] -> 1 | AH13: =IF(OR(Mérföldkövek[[#This Row],[Kezdés]]<4000,Mérföldkövek[[#This Row],[Napok száma]]=""),0,ROUNDUP((Mérföldkövek[[#This Row],[Napok száma]]-NETWORKDAYS(Mérföldkövek[[#This Row],[Kezdés]],Mérföldkövek[[#This Row],[Kezdés]]+Mérföldkövek[[#This Row],[Napok száma]]-1,0))/2,0)*2) -> 0 | AJ13: {=IF(AND(Mérföldkövek[[#This Row],[Szülő feladat ID]]<>"",Mérföldkövek[[#This Row],[Feladat Függöség Tipusa]]<>""),_xlfn.IFS(Mérföldkövek[[#This Row],[Feladat Függöség Tipusa]]="FF",_xlfn.XLOOKUP(Mérföldkövek[[#This Row],[Szülő feladat ID]],Mérföldkövek[Feladat ID],Mérföldkövek[Befejezés]),Mérföldkövek[[#This Row],[Feladat Függöség Tipusa]]="SF",_xlfn.XLOOKUP(Mérföldkövek[[#This Row],[Szülő feladat ID]],Mérföldkövek[Feladat ID],Mérföldkövek[Kezdés]),TRUE,0),0)} -> 0 | AK13: =IF(OR(Mérföldkövek[[#This Row],[Kezdés]]=0,Mérföldkövek[[#This Row],[Napok száma]]=0),0,Mérföldkövek[[#This Row],[Kezdés]]+Mérföldkövek[[#This Row],[Napok száma]]-1+Mérföldkövek[[#This Row],[Nem munkanap]]) -> 45826 | AL13: {=_xlfn.IFS(Mérföldkövek[[#This Row],[Fixbefejezés]]<>0,Mérföldkövek[[#This Row],[Fixbefejezés]],Mérföldkövek[[#This Row],[Függöbefejezés]]<>0,Mérföldkövek[[#This Row],[Függöbefejezés]],Mérföldkövek[[#This Row],[Kalkulált befejezés]]<>0,Mérföldkövek[[#This Row],[Kalkulált befejezés]],TRUE,0)} -> 45826 | AM13: =IF(OR(WEEKDAY(Mérföldkövek[[#This Row],[Kalkulált befejezés2]],2)>5), WORKDAY(Mérföldkövek[[#This Row],[Kalkulált befejezés2]],1), Mérföldkövek[[#This Row],[Kalkulált befejezés2]]) -> 45826
A14: =IFERROR(Folyamat[[#This Row],[DSMR]],"") -> ProjektSzám | B14: =IFERROR(Folyamat[[#This Row],[Feladat Rövidnév]],"") -> GyI-E.08 | C14: =IFERROR(Mérföldkövek[[#This Row],[Projekt azonosító]] & "-" & Mérföldkövek[[#This Row],[Feladat Rövidnév]],"") -> ProjektSzám-GyI-E.08 | D14: =IFERROR(Folyamat[[#This Row],[Feladat leírás]],"") -> Gyártás inditó megbeszéléssel | E14: =IFERROR(Folyamat[[#This Row],[Feladat Tipus]],"") -> Folyamat | F14: =IFERROR(Folyamat[[#This Row],[Kockázat]],"") -> Terv szerint | G14: =IFERROR(Folyamat[[#This Row],[Részleg 02]],"") -> Gyártás Iroda | H14: =IFERROR(Folyamat[[#This Row],[Részleg 01]],"") -> Műszaki tervezés | I14: =IFERROR(Folyamat[[#This Row],[Felelős]],"") -> Simon Kázmér | J14: =IFERROR(Folyamat[[#This Row],[Támogató]],"") -> 0 | M14: =IFERROR(Folyamat[[#This Row],[Volumen]],"") -> 1 | N14: =IFERROR(Folyamat[[#This Row],[Egység idő]],"") -> 0.041666667 | O14: =IFERROR(Folyamat[[#This Row],[Humánerő]],"") -> 1 | P14: =IFERROR(IF(Folyamat[[#This Row],[Ősszefoglaló feladat ID]]=0,"",Folyamat[[#This Row],[Ősszefoglaló feladat ID]]),"") -> ProjektSzám-GyI-E.00 | Q14: =IFERROR(IF(Folyamat[[#This Row],[Szülő feladat ID]]=0,"",Folyamat[[#This Row],[Szülő feladat ID]]),"") -> ProjektSzám-GyI-E.07 | R14: =IFERROR(IF(Folyamat[[#This Row],[Feladat Függöség Tipusa]]=0,"",Folyamat[[#This Row],[Feladat Függöség Tipusa]]),"") -> FS | S14: =IFERROR(Folyamat[[#This Row],[Feladat Késleltetés]],"") -> 0 | U14: =IFERROR(Folyamat[[#This Row],[Feladat Elinditása Részleges készültség esetén]],"") -> 1 | V14: =IF(Mérföldkövek[[#This Row],[Szülő feladat ID]]<>"",IF(AND(Mérföldkövek[[#This Row],[Feladat Elinditása Részleges készültség esetén]]<=_xlfn.XLOOKUP(Mérföldkövek[[#This Row],[Szülő feladat ID]],Mérföldkövek[Feladat ID],Mérföldkövek[Készültség]),TODAY()<_xlfn.XLOOKUP(Mérföldkövek[[#This Row],[Szülő feladat ID]],Mérföldkövek[Feladat ID],Mérföldkövek[Befejezés])),TODAY(),0),0) -> 0 | W14: {=IF(AND(Mérföldkövek[[#This Row],[Szülő feladat ID]]<>"",Mérföldkövek[[#This Row],[Feladat Függöség Tipusa]]<>""),_xlfn.IFS(Mérföldkövek[[#This Row],[Feladat Függöség Tipusa]]="FS",_xlfn.XLOOKUP(Mérföldkövek[[#This Row],[Szülő feladat ID]],Mérföldkövek[Feladat ID],Mérföldkövek[Befejezés]+1),Mérföldkövek[[#This Row],[Feladat Függöség Tipusa]]="SS",_xlfn.XLOOKUP(Mérföldkövek[[#This Row],[Szülő feladat ID]],Mérföldkövek[Feladat ID],Mérföldkövek[Kezdés]),TRUE,0),0)} -> 45827 | X14: =Mérföldkövek[[#This Row],[Függökezdés Kalkulált]]+Mérföldkövek[[#This Row],[Feladat Késleltetés]] -> 45827 | Y14: =IF(Mérföldkövek[[#This Row],[Feladat Késleltetés]] = 0,0,IF(Mérföldkövek[[#This Row],[Feladat Késleltetés]]>(NETWORKDAYS(Mérföldkövek[[#This Row],[Függökezdés Kalkulált]],Mérföldkövek[[#This Row],[Függökezdés késleltetett]])-1),Mérföldkövek[[#This Row],[Feladat Késleltetés]]-(NETWORKDAYS(Mérföldkövek[[#This Row],[Függökezdés Kalkulált]],Mérföldkövek[[#This Row],[Függökezdés késleltetett]])-1))) -> 0 | Z14: =IF(OR(WEEKDAY(Mérföldkövek[[#This Row],[Függökezdés Kalkulált]],2)>5), WORKDAY(Mérföldkövek[[#This Row],[Függökezdés Kalkulált]],1), Mérföldkövek[[#This Row],[Függökezdés Kalkulált]]) + Mérföldkövek[[#This Row],[Függökezdés késleltetett plusz]] -> 45827 | AA14: {=_xlfn.IFS(Mérföldkövek[[#This Row],[Fix kexdés]]<>0,Mérföldkövek[[#This Row],[Fix kexdés]],Mérföldkövek[[#This Row],[Részleges Kezdés]]<>0,Mérföldkövek[[#This Row],[Részleges Kezdés]],Mérföldkövek[[#This Row],[Függökezdés]]<>0,Mérföldkövek[[#This Row],[Függökezdés]],TRUE,0)} -> 45827 | AB14: =IF(Mérföldkövek[[#This Row],[Volumen]]<=0,0,IF(OR(WEEKDAY(Mérföldkövek[[#This Row],[Kalkulált kezdés]],2)>5), WORKDAY(Mérföldkövek[[#This Row],[Kalkulált kezdés]],1), Mérföldkövek[[#This Row],[Kalkulált kezdés]])) -> 45827 | AD14: =IF(AND(Mérföldkövek[[#This Row],[Volumen]]<>0,Mérföldkövek[[#This Row],[Volumen]]<>"",Mérföldkövek[[#This Row],[Egység idő]]<>0,Mérföldkövek[[#This Row],[Egység idő]]<>""),Mérföldkövek[[#This Row],[Volumen]]*Mérföldkövek[[#This Row],[Egység idő]],0) -> 0.041666667 | AE14: =IF(AND(Mérföldkövek[[#This Row],[Volumen]]<>0,Mérföldkövek[[#This Row],[Volumen]]<>"",Mérföldkövek[[#This Row],[Egység idő]]<>0,Mérföldkövek[[#This Row],[Egység idő]]<>""),Mérföldkövek[[#This Row],[Volumen]]*Mérföldkövek[[#This Row],[Egység idő]]*Mérföldkövek[[#This Row],[Humánerő]],0) -> 0.041666667 | AF14: =IFERROR(Folyamat[[#This Row],[Extra nap]],"") -> 0 | AG14: =ROUNDUP((Mérföldkövek[[#This Row],[Tervezettidő]]*24)/8,0)+Mérföldkövek[[#This Row],[Extra nap]] -> 1 | AH14: =IF(OR(Mérföldkövek[[#This Row],[Kezdés]]<4000,Mérföldkövek[[#This Row],[Napok száma]]=""),0,ROUNDUP((Mérföldkövek[[#This Row],[Napok száma]]-NETWORKDAYS(Mérföldkövek[[#This Row],[Kezdés]],Mérföldkövek[[#This Row],[Kezdés]]+Mérföldkövek[[#This Row],[Napok száma]]-1,0))/2,0)*2) -> 0 | AJ14: {=IF(AND(Mérföldkövek[[#This Row],[Szülő feladat ID]]<>"",Mérföldkövek[[#This Row],[Feladat Függöség Tipusa]]<>""),_xlfn.IFS(Mérföldkövek[[#This Row],[Feladat Függöség Tipusa]]="FF",_xlfn.XLOOKUP(Mérföldkövek[[#This Row],[Szülő feladat ID]],Mérföldkövek[Feladat ID],Mérföldkövek[Befejezés]),Mérföldkövek[[#This Row],[Feladat Függöség Tipusa]]="SF",_xlfn.XLOOKUP(Mérföldkövek[[#This Row],[Szülő feladat ID]],Mérföldkövek[Feladat ID],Mérföldkövek[Kezdés]),TRUE,0),0)} -> 0 | AK14: =IF(OR(Mérföldkövek[[#This Row],[Kezdés]]=0,Mérföldkövek[[#This Row],[Napok száma]]=0),0,Mérföldkövek[[#This Row],[Kezdés]]+Mérföldkövek[[#This Row],[Napok száma]]-1+Mérföldkövek[[#This Row],[Nem munkanap]]) -> 45827 | AL14: {=_xlfn.IFS(Mérföldkövek[[#This Row],[Fixbefejezés]]<>0,Mérföldkövek[[#This Row],[Fixbefejezés]],Mérföldkövek[[#This Row],[Függöbefejezés]]<>0,Mérföldkövek[[#This Row],[Függöbefejezés]],Mérföldkövek[[#This Row],[Kalkulált befejezés]]<>0,Mérföldkövek[[#This Row],[Kalkulált befejezés]],TRUE,0)} -> 45827 | AM14: =IF(OR(WEEKDAY(Mérföldkövek[[#This Row],[Kalkulált befejezés2]],2)>5), WORKDAY(Mérföldkövek[[#This Row],[Kalkulált befejezés2]],1), Mérföldkövek[[#This Row],[Kalkulált befejezés2]]) -> 45827
A15: =IFERROR(Folyamat[[#This Row],[DSMR]],"") -> ProjektSzám | B15: =IFERROR(Folyamat[[#This Row],[Feladat Rövidnév]],"") -> GyI-E.08.01 | C15: =IFERROR(Mérföldkövek[[#This Row],[Projekt azonosító]] & "-" & Mérföldkövek[[#This Row],[Feladat Rövidnév]],"") -> ProjektSzám-GyI-E.08.01 | D15: =IFERROR(Folyamat[[#This Row],[Feladat leírás]],"") -> 0 | E15: =IFERROR(Folyamat[[#This Row],[Feladat Tipus]],"") -> Folyamat | F15: =IFERROR(Folyamat[[#This Row],[Kockázat]],"") -> Terv szerint | G15: =IFERROR(Folyamat[[#This Row],[Részleg 02]],"") -> Gyártás Iroda | H15: =IFERROR(Folyamat[[#This Row],[Részleg 01]],"") -> Műszaki tervezés | I15: =IFERROR(Folyamat[[#This Row],[Felelős]],"") -> Simon Kázmér | J15: =IFERROR(Folyamat[[#This Row],[Támogató]],"") -> 0 | M15: =IFERROR(Folyamat[[#This Row],[Volumen]],"") -> 1 | N15: =IFERROR(Folyamat[[#This Row],[Egység idő]],"") -> 0 | O15: =IFERROR(Folyamat[[#This Row],[Humánerő]],"") -> 0 | P15: =IFERROR(IF(Folyamat[[#This Row],[Ősszefoglaló feladat ID]]=0,"",Folyamat[[#This Row],[Ősszefoglaló feladat ID]]),"") -> ProjektSzám-GyI-E.00 | Q15: =IFERROR(IF(Folyamat[[#This Row],[Szülő feladat ID]]=0,"",Folyamat[[#This Row],[Szülő feladat ID]]),"") -> ProjektSzám-GyI-E.08 | R15: =IFERROR(IF(Folyamat[[#This Row],[Feladat Függöség Tipusa]]=0,"",Folyamat[[#This Row],[Feladat Függöség Tipusa]]),"") -> SS | S15: =IFERROR(Folyamat[[#This Row],[Feladat Késleltetés]],"") -> 0 | U15: =IFERROR(Folyamat[[#This Row],[Feladat Elinditása Részleges készültség esetén]],"") -> 1 | V15: =IF(Mérföldkövek[[#This Row],[Szülő feladat ID]]<>"",IF(AND(Mérföldkövek[[#This Row],[Feladat Elinditása Részleges készültség esetén]]<=_xlfn.XLOOKUP(Mérföldkövek[[#This Row],[Szülő feladat ID]],Mérföldkövek[Feladat ID],Mérföldkövek[Készültség]),TODAY()<_xlfn.XLOOKUP(Mérföldkövek[[#This Row],[Szülő feladat ID]],Mérföldkövek[Feladat ID],Mérföldkövek[Befejezés])),TODAY(),0),0) -> 0 | W15: {=IF(AND(Mérföldkövek[[#This Row],[Szülő feladat ID]]<>"",Mérföldkövek[[#This Row],[Feladat Függöség Tipusa]]<>""),_xlfn.IFS(Mérföldkövek[[#This Row],[Feladat Függöség Tipusa]]="FS",_xlfn.XLOOKUP(Mérföldkövek[[#This Row],[Szülő feladat ID]],Mérföldkövek[Feladat ID],Mérföldkövek[Befejezés]+1),Mérföldkövek[[#This Row],[Feladat Függöség Tipusa]]="SS",_xlfn.XLOOKUP(Mérföldkövek[[#This Row],[Szülő feladat ID]],Mérföldkövek[Feladat ID],Mérföldkövek[Kezdés]),TRUE,0),0)} -> 45827 | X15: =Mérföldkövek[[#This Row],[Függökezdés Kalkulált]]+Mérföldkövek[[#This Row],[Feladat Késleltetés]] -> 45827 | Y15: =IF(Mérföldkövek[[#This Row],[Feladat Késleltetés]] = 0,0,IF(Mérföldkövek[[#This Row],[Feladat Késleltetés]]>(NETWORKDAYS(Mérföldkövek[[#This Row],[Függökezdés Kalkulált]],Mérföldkövek[[#This Row],[Függökezdés késleltetett]])-1),Mérföldkövek[[#This Row],[Feladat Késleltetés]]-(NETWORKDAYS(Mérföldkövek[[#This Row],[Függökezdés Kalkulált]],Mérföldkövek[[#This Row],[Függökezdés késleltetett]])-1))) -> 0 | Z15: =IF(OR(WEEKDAY(Mérföldkövek[[#This Row],[Függökezdés Kalkulált]],2)>5), WORKDAY(Mérföldkövek[[#This Row],[Függökezdés Kalkulált]],1), Mérföldkövek[[#This Row],[Függökezdés Kalkulált]]) + Mérföldkövek[[#This Row],[Függökezdés késleltetett plusz]] -> 45827 | AA15: {=_xlfn.IFS(Mérföldkövek[[#This Row],[Fix kexdés]]<>0,Mérföldkövek[[#This Row],[Fix kexdés]],Mérföldkövek[[#This Row],[Részleges Kezdés]]<>0,Mérföldkövek[[#This Row],[Részleges Kezdés]],Mérföldkövek[[#This Row],[Függökezdés]]<>0,Mérföldkövek[[#This Row],[Függökezdés]],TRUE,0)} -> 45827 | AB15: =IF(Mérföldkövek[[#This Row],[Volumen]]<=0,0,IF(OR(WEEKDAY(Mérföldkövek[[#This Row],[Kalkulált kezdés]],2)>5), WORKDAY(Mérföldkövek[[#This Row],[Kalkulált kezdés]],1), Mérföldkövek[[#This Row],[Kalkulált kezdés]])) -> 45827 | AD15: =IF(AND(Mérföldkövek[[#This Row],[Volumen]]<>0,Mérföldkövek[[#This Row],[Volumen]]<>"",Mérföldkövek[[#This Row],[Egység idő]]<>0,Mérföldkövek[[#This Row],[Egység idő]]<>""),Mérföldkövek[[#This Row],[Volumen]]*Mérföldkövek[[#This Row],[Egység idő]],0) -> 0 | AE15: =IF(AND(Mérföldkövek[[#This Row],[Volumen]]<>0,Mérföldkövek[[#This Row],[Volumen]]<>"",Mérföldkövek[[#This Row],[Egység idő]]<>0,Mérföldkövek[[#This Row],[Egység idő]]<>""),Mérföldkövek[[#This Row],[Volumen]]*Mérföldkövek[[#This Row],[Egység idő]]*Mérföldkövek[[#This Row],[Humánerő]],0) -> 0 | AF15: =IFERROR(Folyamat[[#This Row],[Extra nap]],"") -> 0 | AG15: =ROUNDUP((Mérföldkövek[[#This Row],[Tervezettidő]]*24)/8,0)+Mérföldkövek[[#This Row],[Extra nap]] -> 0 | AH15: =IF(OR(Mérföldkövek[[#This Row],[Kezdés]]<4000,Mérföldkövek[[#This Row],[Napok száma]]=""),0,ROUNDUP((Mérföldkövek[[#This Row],[Napok száma]]-NETWORKDAYS(Mérföldkövek[[#This Row],[Kezdés]],Mérföldkövek[[#This Row],[Kezdés]]+Mérföldkövek[[#This Row],[Napok száma]]-1,0))/2,0)*2) -> 2 | AJ15: {=IF(AND(Mérföldkövek[[#This Row],[Szülő feladat ID]]<>"",Mérföldkövek[[#This Row],[Feladat Függöség Tipusa]]<>""),_xlfn.IFS(Mérföldkövek[[#This Row],[Feladat Függöség Tipusa]]="FF",_xlfn.XLOOKUP(Mérföldkövek[[#This Row],[Szülő feladat ID]],Mérföldkövek[Feladat ID],Mérföldkövek[Befejezés]),Mérföldkövek[[#This Row],[Feladat Függöség Tipusa]]="SF",_xlfn.XLOOKUP(Mérföldkövek[[#This Row],[Szülő feladat ID]],Mérföldkövek[Feladat ID],Mérföldkövek[Kezdés]),TRUE,0),0)} -> 0 | AK15: =IF(OR(Mérföldkövek[[#This Row],[Kezdés]]=0,Mérföldkövek[[#This Row],[Napok száma]]=0),0,Mérföldkövek[[#This Row],[Kezdés]]+Mérföldkövek[[#This Row],[Napok száma]]-1+Mérföldkövek[[#This Row],[Nem munkanap]]) -> 0 | AL15: {=_xlfn.IFS(Mérföldkövek[[#This Row],[Fixbefejezés]]<>0,Mérföldkövek[[#This Row],[Fixbefejezés]],Mérföldkövek[[#This Row],[Függöbefejezés]]<>0,Mérföldkövek[[#This Row],[Függöbefejezés]],Mérföldkövek[[#This Row],[Kalkulált befejezés]]<>0,Mérföldkövek[[#This Row],[Kalkulált befejezés]],TRUE,0)} -> 0 | AM15: =IF(OR(WEEKDAY(Mérföldkövek[[#This Row],[Kalkulált befejezés2]],2)>5), WORKDAY(Mérföldkövek[[#This Row],[Kalkulált befejezés2]],1), Mérföldkövek[[#This Row],[Kalkulált befejezés2]]) -> 2
A16: =IFERROR(Folyamat[[#This Row],[DSMR]],"") -> ProjektSzám | B16: =IFERROR(Folyamat[[#This Row],[Feladat Rövidnév]],"") -> GyI-E.09 | C16: =IFERROR(Mérföldkövek[[#This Row],[Projekt azonosító]] & "-" & Mérföldkövek[[#This Row],[Feladat Rövidnév]],"") -> ProjektSzám-GyI-E.09 | D16: =IFERROR(Folyamat[[#This Row],[Feladat leírás]],"") -> Anyagszükséglet | E16: =IFERROR(Folyamat[[#This Row],[Feladat Tipus]],"") -> Folyamat | F16: =IFERROR(Folyamat[[#This Row],[Kockázat]],"") -> Terv szerint | G16: =IFERROR(Folyamat[[#This Row],[Részleg 02]],"") -> Gyártás Iroda | H16: =IFERROR(Folyamat[[#This Row],[Részleg 01]],"") -> Műszaki tervezés | I16: =IFERROR(Folyamat[[#This Row],[Felelős]],"") -> Simon Kázmér | J16: =IFERROR(Folyamat[[#This Row],[Támogató]],"") -> 0 | M16: =IFERROR(Folyamat[[#This Row],[Volumen]],"") -> 1 | N16: =IFERROR(Folyamat[[#This Row],[Egység idő]],"") -> 0.041666667 | O16: =IFERROR(Folyamat[[#This Row],[Humánerő]],"") -> 1 | P16: =IFERROR(IF(Folyamat[[#This Row],[Ősszefoglaló feladat ID]]=0,"",Folyamat[[#This Row],[Ősszefoglaló feladat ID]]),"") -> ProjektSzám-GyI-E.00 | Q16: =IFERROR(IF(Folyamat[[#This Row],[Szülő feladat ID]]=0,"",Folyamat[[#This Row],[Szülő feladat ID]]),"") -> ProjektSzám-GyI-E.08.01 | R16: =IFERROR(IF(Folyamat[[#This Row],[Feladat Függöség Tipusa]]=0,"",Folyamat[[#This Row],[Feladat Függöség Tipusa]]),"") -> FS | S16: =IFERROR(Folyamat[[#This Row],[Feladat Késleltetés]],"") -> 0 | U16: =IFERROR(Folyamat[[#This Row],[Feladat Elinditása Részleges készültség esetén]],"") -> 1 | V16: =IF(Mérföldkövek[[#This Row],[Szülő feladat ID]]<>"",IF(AND(Mérföldkövek[[#This Row],[Feladat Elinditása Részleges készültség esetén]]<=_xlfn.XLOOKUP(Mérföldkövek[[#This Row],[Szülő feladat ID]],Mérföldkövek[Feladat ID],Mérföldkövek[Készültség]),TODAY()<_xlfn.XLOOKUP(Mérföldkövek[[#This Row],[Szülő feladat ID]],Mérföldkövek[Feladat ID],Mérföldkövek[Befejezés])),TODAY(),0),0) -> 0 | W16: {=IF(AND(Mérföldkövek[[#This Row],[Szülő feladat ID]]<>"",Mérföldkövek[[#This Row],[Feladat Függöség Tipusa]]<>""),_xlfn.IFS(Mérföldkövek[[#This Row],[Feladat Függöség Tipusa]]="FS",_xlfn.XLOOKUP(Mérföldkövek[[#This Row],[Szülő feladat ID]],Mérföldkövek[Feladat ID],Mérföldkövek[Befejezés]+1),Mérföldkövek[[#This Row],[Feladat Függöség Tipusa]]="SS",_xlfn.XLOOKUP(Mérföldkövek[[#This Row],[Szülő feladat ID]],Mérföldkövek[Feladat ID],Mérföldkövek[Kezdés]),TRUE,0),0)} -> 3 | X16: =Mérföldkövek[[#This Row],[Függökezdés Kalkulált]]+Mérföldkövek[[#This Row],[Feladat Késleltetés]] -> 3 | Y16: =IF(Mérföldkövek[[#This Row],[Feladat Késleltetés]] = 0,0,IF(Mérföldkövek[[#This Row],[Feladat Késleltetés]]>(NETWORKDAYS(Mérföldkövek[[#This Row],[Függökezdés Kalkulált]],Mérföldkövek[[#This Row],[Függökezdés késleltetett]])-1),Mérföldkövek[[#This Row],[Feladat Késleltetés]]-(NETWORKDAYS(Mérföldkövek[[#This Row],[Függökezdés Kalkulált]],Mérföldkövek[[#This Row],[Függökezdés késleltetett]])-1))) -> 0 | Z16: =IF(OR(WEEKDAY(Mérföldkövek[[#This Row],[Függökezdés Kalkulált]],2)>5), WORKDAY(Mérföldkövek[[#This Row],[Függökezdés Kalkulált]],1), Mérföldkövek[[#This Row],[Függökezdés Kalkulált]]) + Mérföldkövek[[#This Row],[Függökezdés késleltetett plusz]] -> 3 | AA16: {=_xlfn.IFS(Mérföldkövek[[#This Row],[Fix kexdés]]<>0,Mérföldkövek[[#This Row],[Fix kexdés]],Mérföldkövek[[#This Row],[Részleges Kezdés]]<>0,Mérföldkövek[[#This Row],[Részleges Kezdés]],Mérföldkövek[[#This Row],[Függökezdés]]<>0,Mérföldkövek[[#This Row],[Függökezdés]],TRUE,0)} -> 3 | AB16: =IF(Mérföldkövek[[#This Row],[Volumen]]<=0,0,IF(OR(WEEKDAY(Mérföldkövek[[#This Row],[Kalkulált kezdés]],2)>5), WORKDAY(Mérföldkövek[[#This Row],[Kalkulált kezdés]],1), Mérföldkövek[[#This Row],[Kalkulált kezdés]])) -> 3 | AD16: =IF(AND(Mérföldkövek[[#This Row],[Volumen]]<>0,Mérföldkövek[[#This Row],[Volumen]]<>"",Mérföldkövek[[#This Row],[Egység idő]]<>0,Mérföldkövek[[#This Row],[Egység idő]]<>""),Mérföldkövek[[#This Row],[Volumen]]*Mérföldkövek[[#This Row],[Egység idő]],0) -> 0.041666667 | AE16: =IF(AND(Mérföldkövek[[#This Row],[Volumen]]<>0,Mérföldkövek[[#This Row],[Volumen]]<>"",Mérföldkövek[[#This Row],[Egység idő]]<>0,Mérföldkövek[[#This Row],[Egység idő]]<>""),Mérföldkövek[[#This Row],[Volumen]]*Mérföldkövek[[#This Row],[Egység idő]]*Mérföldkövek[[#This Row],[Humánerő]],0) -> 0.041666667 | AF16: =IFERROR(Folyamat[[#This Row],[Extra nap]],"") -> 0 | AG16: =ROUNDUP((Mérföldkövek[[#This Row],[Tervezettidő]]*24)/8,0)+Mérföldkövek[[#This Row],[Extra nap]] -> 1 | AH16: =IF(OR(Mérföldkövek[[#This Row],[Kezdés]]<4000,Mérföldkövek[[#This Row],[Napok száma]]=""),0,ROUNDUP((Mérföldkövek[[#This Row],[Napok száma]]-NETWORKDAYS(Mérföldkövek[[#This Row],[Kezdés]],Mérföldkövek[[#This Row],[Kezdés]]+Mérföldkövek[[#This Row],[Napok száma]]-1,0))/2,0)*2) -> 0 | AJ16: {=IF(AND(Mérföldkövek[[#This Row],[Szülő feladat ID]]<>"",Mérföldkövek[[#This Row],[Feladat Függöség Tipusa]]<>""),_xlfn.IFS(Mérföldkövek[[#This Row],[Feladat Függöség Tipusa]]="FF",_xlfn.XLOOKUP(Mérföldkövek[[#This Row],[Szülő feladat ID]],Mérföldkövek[Feladat ID],Mérföldkövek[Befejezés]),Mérföldkövek[[#This Row],[Feladat Függöség Tipusa]]="SF",_xlfn.XLOOKUP(Mérföldkövek[[#This Row],[Szülő feladat ID]],Mérföldkövek[Feladat ID],Mérföldkövek[Kezdés]),TRUE,0),0)} -> 0 | AK16: =IF(OR(Mérföldkövek[[#This Row],[Kezdés]]=0,Mérföldkövek[[#This Row],[Napok száma]]=0),0,Mérföldkövek[[#This Row],[Kezdés]]+Mérföldkövek[[#This Row],[Napok száma]]-1+Mérföldkövek[[#This Row],[Nem munkanap]]) -> 3 | AL16: {=_xlfn.IFS(Mérföldkövek[[#This Row],[Fixbefejezés]]<>0,Mérföldkövek[[#This Row],[Fixbefejezés]],Mérföldkövek[[#This Row],[Függöbefejezés]]<>0,Mérföldkövek[[#This Row],[Függöbefejezés]],Mérföldkövek[[#This Row],[Kalkulált befejezés]]<>0,Mérföldkövek[[#This Row],[Kalkulált befejezés]],TRUE,0)} -> 3 | AM16: =IF(OR(WEEKDAY(Mérföldkövek[[#This Row],[Kalkulált befejezés2]],2)>5), WORKDAY(Mérföldkövek[[#This Row],[Kalkulált befejezés2]],1), Mérföldkövek[[#This Row],[Kalkulált befejezés2]]) -> 3
A17: =IFERROR(Folyamat[[#This Row],[DSMR]],"") -> ProjektSzám | B17: =IFERROR(Folyamat[[#This Row],[Feladat Rövidnév]],"") -> GyV-BF.00 | C17: =IFERROR(Mérföldkövek[[#This Row],[Projekt azonosító]] & "-" & Mérföldkövek[[#This Row],[Feladat Rövidnév]],"") -> ProjektSzám-GyV-BF.00 | D17: =IFERROR(Folyamat[[#This Row],[Feladat leírás]],"") -> Bútorfront | E17: =IFERROR(Folyamat[[#This Row],[Feladat Tipus]],"") -> Összetett folyamat | F17: =IFERROR(Folyamat[[#This Row],[Kockázat]],"") -> Terv szerint | G17: =IFERROR(Folyamat[[#This Row],[Részleg 02]],"") -> Gyártásvezetés | H17: =IFERROR(Folyamat[[#This Row],[Részleg 01]],"") -> 0 | I17: =IFERROR(Folyamat[[#This Row],[Felelős]],"") -> Martin Zoltán | J17: =IFERROR(Folyamat[[#This Row],[Támogató]],"") -> 0 | K17: 0 | M17: =IFERROR(Folyamat[[#This Row],[Volumen]],"") -> 1 | N17: =IFERROR(Folyamat[[#This Row],[Egység idő]],"") -> 0 | O17: =IFERROR(Folyamat[[#This Row],[Humánerő]],"") -> 0 | P17: =IFERROR(IF(Folyamat[[#This Row],[Ősszefoglaló feladat ID]]=0,"",Folyamat[[#This Row],[Ősszefoglaló feladat ID]]),"") | Q17: =IFERROR(IF(Folyamat[[#This Row],[Szülő feladat ID]]=0,"",Folyamat[[#This Row],[Szülő feladat ID]]),"") -> ProjektSzám-GyI-E.00 | R17: =IFERROR(IF(Folyamat[[#This Row],[Feladat Függöség Tipusa]]=0,"",Folyamat[[#This Row],[Feladat Függöség Tipusa]]),"") -> FS | S17: =IFERROR(Folyamat[[#This Row],[Feladat Késleltetés]],"") -> 4 | U17: =IFERROR(Folyamat[[#This Row],[Feladat Elinditása Részleges készültség esetén]],"") -> 1 | V17: =IF(Mérföldkövek[[#This Row],[Szülő feladat ID]]<>"",IF(AND(Mérföldkövek[[#This Row],[Feladat Elinditása Részleges készültség esetén]]<=_xlfn.XLOOKUP(Mérföldkövek[[#This Row],[Szülő feladat ID]],Mérföldkövek[Feladat ID],Mérföldkövek[Készültség]),TODAY()<_xlfn.XLOOKUP(Mérföldkövek[[#This Row],[Szülő feladat ID]],Mérföldkövek[Feladat ID],Mérföldkövek[Befejezés])),TODAY(),0),0) -> 0 | W17: {=IF(AND(Mérföldkövek[[#This Row],[Szülő feladat ID]]<>"",Mérföldkövek[[#This Row],[Feladat Függöség Tipusa]]<>""),_xlfn.IFS(Mérföldkövek[[#This Row],[Feladat Függöség Tipusa]]="FS",_xlfn.XLOOKUP(Mérföldkövek[[#This Row],[Szülő feladat ID]],Mérföldkövek[Feladat ID],Mérföldkövek[Befejezés]+1),Mérföldkövek[[#This Row],[Feladat Függöség Tipusa]]="SS",_xlfn.XLOOKUP(Mérföldkövek[[#This Row],[Szülő feladat ID]],Mérföldkövek[Feladat ID],Mérföldkövek[Kezdés]),TRUE,0),0)} -> 45829 | X17: =Mérföldkövek[[#This Row],[Függökezdés Kalkulált]]+Mérföldkövek[[#This Row],[Feladat Késleltetés]] -> 45833 | Y17: =IF(Mérföldkövek[[#This Row],[Feladat Késleltetés]] = 0,0,IF(Mérföldkövek[[#This Row],[Feladat Késleltetés]]>(NETWORKDAYS(Mérföldkövek[[#This Row],[Függökezdés Kalkulált]],Mérföldkövek[[#This Row],[Függökezdés késleltetett]])-1),Mérföldkövek[[#This Row],[Feladat Késleltetés]]-(NETWORKDAYS(Mérföldkövek[[#This Row],[Függökezdés Kalkulált]],Mérföldkövek[[#This Row],[Függökezdés késleltetett]])-1))) -> 2 | Z17: =IF(OR(WEEKDAY(Mérföldkövek[[#This Row],[Függökezdés Kalkulált]],2)>5), WORKDAY(Mérföldkövek[[#This Row],[Függökezdés Kalkulált]],1), Mérföldkövek[[#This Row],[Függökezdés Kalkulált]]) + Mérföldkövek[[#This Row],[Függökezdés késleltetett plusz]] -> 45833 | AA17: {=_xlfn.IFS(Mérföldkövek[[#This Row],[Fix kexdés]]<>0,Mérföldkövek[[#This Row],[Fix kexdés]],Mérföldkövek[[#This Row],[Részleges Kezdés]]<>0,Mérföldkövek[[#This Row],[Részleges Kezdés]],Mérföldkövek[[#This Row],[Függökezdés]]<>0,Mérföldkövek[[#This Row],[Függökezdés]],TRUE,0)} -> 45833 | AB17: =IF(Mérföldkövek[[#This Row],[Volumen]]<=0,0,IF(OR(WEEKDAY(Mérföldkövek[[#This Row],[Kalkulált kezdés]],2)>5), WORKDAY(Mérföldkövek[[#This Row],[Kalkulált kezdés]],1), Mérföldkövek[[#This Row],[Kalkulált kezdés]])) -> 45833 | AD17: =IF(AND(Mérföldkövek[[#This Row],[Volumen]]<>0,Mérföldkövek[[#This Row],[Volumen]]<>"",Mérföldkövek[[#This Row],[Egység idő]]<>0,Mérföldkövek[[#This Row],[Egység idő]]<>""),Mérföldkövek[[#This Row],[Volumen]]*Mérföldkövek[[#This Row],[Egység idő]],0) -> 0 | AE17: =IF(AND(Mérföldkövek[[#This Row],[Volumen]]<>0,Mérföldkövek[[#This Row],[Volumen]]<>"",Mérföldkövek[[#This Row],[Egység idő]]<>0,Mérföldkövek[[#This Row],[Egység idő]]<>""),Mérföldkövek[[#This Row],[Volumen]]*Mérföldkövek[[#This Row],[Egység idő]]*Mérföldkövek[[#This Row],[Humánerő]],0) -> 0 | AF17: =IFERROR(Folyamat[[#This Row],[Extra nap]],"") -> 9 | AG17: =ROUNDUP((Mérföldkövek[[#This Row],[Tervezettidő]]*24)/8,0)+Mérföldkövek[[#This Row],[Extra nap]] -> 9 | AH17: =IF(OR(Mérföldkövek[[#This Row],[Kezdés]]<4000,Mérföldkövek[[#This Row],[Napok száma]]=""),0,ROUNDUP((Mérföldkövek[[#This Row],[Napok száma]]-NETWORKDAYS(Mérföldkövek[[#This Row],[Kezdés]],Mérföldkövek[[#This Row],[Kezdés]]+Mérföldkövek[[#This Row],[Napok száma]]-1,0))/2,0)*2) -> 2 | AJ17: {=IF(AND(Mérföldkövek[[#This Row],[Szülő feladat ID]]<>"",Mérföldkövek[[#This Row],[Feladat Függöség Tipusa]]<>""),_xlfn.IFS(Mérföldkövek[[#This Row],[Feladat Függöség Tipusa]]="FF",_xlfn.XLOOKUP(Mérföldkövek[[#This Row],[Szülő feladat ID]],Mérföldkövek[Feladat ID],Mérföldkövek[Befejezés]),Mérföldkövek[[#This Row],[Feladat Függöség Tipusa]]="SF",_xlfn.XLOOKUP(Mérföldkövek[[#This Row],[Szülő feladat ID]],Mérföldkövek[Feladat ID],Mérföldkövek[Kezdés]),TRUE,0),0)} -> 0 | AK17: =IF(OR(Mérföldkövek[[#This Row],[Kezdés]]=0,Mérföldkövek[[#This Row],[Napok száma]]=0),0,Mérföldkövek[[#This Row],[Kezdés]]+Mérföldkövek[[#This Row],[Napok száma]]-1+Mérföldkövek[[#This Row],[Nem munkanap]]) -> 45843 | AL17: {=_xlfn.IFS(Mérföldkövek[[#This Row],[Fixbefejezés]]<>0,Mérföldkövek[[#This Row],[Fixbefejezés]],Mérföldkövek[[#This Row],[Függöbefejezés]]<>0,Mérföldkövek[[#This Row],[Függöbefejezés]],Mérföldkövek[[#This Row],[Kalkulált befejezés]]<>0,Mérföldkövek[[#This Row],[Kalkulált befejezés]],TRUE,0)} -> 45843 | AM17: =IF(OR(WEEKDAY(Mérföldkövek[[#This Row],[Kalkulált befejezés2]],2)>5), WORKDAY(Mérföldkövek[[#This Row],[Kalkulált befejezés2]],1), Mérföldkövek[[#This Row],[Kalkulált befejezés2]]) -> 45845
A18: =IFERROR(Folyamat[[#This Row],[DSMR]],"") -> ProjektSzám | B18: =IFERROR(Folyamat[[#This Row],[Feladat Rövidnév]],"") -> GyV-BF.01 | C18: =IFERROR(Mérföldkövek[[#This Row],[Projekt azonosító]] & "-" & Mérföldkövek[[#This Row],[Feladat Rövidnév]],"") -> ProjektSzám-GyV-BF.01 | D18: =IFERROR(Folyamat[[#This Row],[Feladat leírás]],"") -> 18-as szabás | E18: =IFERROR(Folyamat[[#This Row],[Feladat Tipus]],"") -> Folyamat | F18: =IFERROR(Folyamat[[#This Row],[Kockázat]],"") -> Terv szerint | G18: =IFERROR(Folyamat[[#This Row],[Részleg 02]],"") -> Gyártásvezetés | H18: =IFERROR(Folyamat[[#This Row],[Részleg 01]],"") -> Asztalos | I18: =IFERROR(Folyamat[[#This Row],[Felelős]],"") -> Geröcs István | J18: =IFERROR(Folyamat[[#This Row],[Támogató]],"") -> Berei János | M18: =IFERROR(Folyamat[[#This Row],[Volumen]],"") -> 70 | N18: =IFERROR(Folyamat[[#This Row],[Egység idő]],"") -> 0.0030555556 | O18: =IFERROR(Folyamat[[#This Row],[Humánerő]],"") -> 2 | P18: =IFERROR(IF(Folyamat[[#This Row],[Ősszefoglaló feladat ID]]=0,"",Folyamat[[#This Row],[Ősszefoglaló feladat ID]]),"") -> ProjektSzám-GyV-BF.00 | Q18: =IFERROR(IF(Folyamat[[#This Row],[Szülő feladat ID]]=0,"",Folyamat[[#This Row],[Szülő feladat ID]]),"") -> ProjektSzám-GyV-BF.00 | R18: =IFERROR(IF(Folyamat[[#This Row],[Feladat Függöség Tipusa]]=0,"",Folyamat[[#This Row],[Feladat Függöség Tipusa]]),"") -> SS | S18: =IFERROR(Folyamat[[#This Row],[Feladat Késleltetés]],"") -> 0 | U18: =IFERROR(Folyamat[[#This Row],[Feladat Elinditása Részleges készültség esetén]],"") -> 1 | V18: =IF(Mérföldkövek[[#This Row],[Szülő feladat ID]]<>"",IF(AND(Mérföldkövek[[#This Row],[Feladat Elinditása Részleges készültség esetén]]<=_xlfn.XLOOKUP(Mérföldkövek[[#This Row],[Szülő feladat ID]],Mérföldkövek[Feladat ID],Mérföldkövek[Készültség]),TODAY()<_xlfn.XLOOKUP(Mérföldkövek[[#This Row],[Szülő feladat ID]],Mérföldkövek[Feladat ID],Mérföldkövek[Befejezés])),TODAY(),0),0) -> 0 | W18: {=IF(AND(Mérföldkövek[[#This Row],[Szülő feladat ID]]<>"",Mérföldkövek[[#This Row],[Feladat Függöség Tipusa]]<>""),_xlfn.IFS(Mérföldkövek[[#This Row],[Feladat Függöség Tipusa]]="FS",_xlfn.XLOOKUP(Mérföldkövek[[#This Row],[Szülő feladat ID]],Mérföldkövek[Feladat ID],Mérföldkövek[Befejezés]+1),Mérföldkövek[[#This Row],[Feladat Függöség Tipusa]]="SS",_xlfn.XLOOKUP(Mérföldkövek[[#This Row],[Szülő feladat ID]],Mérföldkövek[Feladat ID],Mérföldkövek[Kezdés]),TRUE,0),0)} -> 45833 | X18: =Mérföldkövek[[#This Row],[Függökezdés Kalkulált]]+Mérföldkövek[[#This Row],[Feladat Késleltetés]] -> 45833 | Y18: =IF(Mérföldkövek[[#This Row],[Feladat Késleltetés]] = 0,0,IF(Mérföldkövek[[#This Row],[Feladat Késleltetés]]>(NETWORKDAYS(Mérföldkövek[[#This Row],[Függökezdés Kalkulált]],Mérföldkövek[[#This Row],[Függökezdés késleltetett]])-1),Mérföldkövek[[#This Row],[Feladat Késleltetés]]-(NETWORKDAYS(Mérföldkövek[[#This Row],[Függökezdés Kalkulált]],Mérföldkövek[[#This Row],[Függökezdés késleltetett]])-1))) -> 0 | Z18: =IF(OR(WEEKDAY(Mérföldkövek[[#This Row],[Függökezdés Kalkulált]],2)>5), WORKDAY(Mérföldkövek[[#This Row],[Függökezdés Kalkulált]],1), Mérföldkövek[[#This Row],[Függökezdés Kalkulált]]) + Mérföldkövek[[#This Row],[Függökezdés késleltetett plusz]] -> 45833 | AA18: {=_xlfn.IFS(Mérföldkövek[[#This Row],[Fix kexdés]]<>0,Mérföldkövek[[#This Row],[Fix kexdés]],Mérföldkövek[[#This Row],[Részleges Kezdés]]<>0,Mérföldkövek[[#This Row],[Részleges Kezdés]],Mérföldkövek[[#This Row],[Függökezdés]]<>0,Mérföldkövek[[#This Row],[Függökezdés]],TRUE,0)} -> 45833 | AB18: =IF(Mérföldkövek[[#This Row],[Volumen]]<=0,0,IF(OR(WEEKDAY(Mérföldkövek[[#This Row],[Kalkulált kezdés]],2)>5), WORKDAY(Mérföldkövek[[#This Row],[Kalkulált kezdés]],1), Mérföldkövek[[#This Row],[Kalkulált kezdés]])) -> 45833 | AD18: =IF(AND(Mérföldkövek[[#This Row],[Volumen]]<>0,Mérföldkövek[[#This Row],[Volumen]]<>"",Mérföldkövek[[#This Row],[Egység idő]]<>0,Mérföldkövek[[#This Row],[Egység idő]]<>""),Mérföldkövek[[#This Row],[Volumen]]*Mérföldkövek[[#This Row],[Egység idő]],0) -> 0.21388889 | AE18: =IF(AND(Mérföldkövek[[#This Row],[Volumen]]<>0,Mérföldkövek[[#This Row],[Volumen]]<>"",Mérföldkövek[[#This Row],[Egység idő]]<>0,Mérföldkövek[[#This Row],[Egység idő]]<>""),Mérföldkövek[[#This Row],[Volumen]]*Mérföldkövek[[#This Row],[Egység idő]]*Mérföldkövek[[#This Row],[Humánerő]],0) -> 0.42777778 | AF18: =IFERROR(Folyamat[[#This Row],[Extra nap]],"") -> 0 | AG18: =ROUNDUP((Mérföldkövek[[#This Row],[Tervezettidő]]*24)/8,0)+Mérföldkövek[[#This Row],[Extra nap]] -> 1 | AH18: =IF(OR(Mérföldkövek[[#This Row],[Kezdés]]<4000,Mérföldkövek[[#This Row],[Napok száma]]=""),0,ROUNDUP((Mérföldkövek[[#This Row],[Napok száma]]-NETWORKDAYS(Mérföldkövek[[#This Row],[Kezdés]],Mérföldkövek[[#This Row],[Kezdés]]+Mérföldkövek[[#This Row],[Napok száma]]-1,0))/2,0)*2) -> 0 | AJ18: {=IF(AND(Mérföldkövek[[#This Row],[Szülő feladat ID]]<>"",Mérföldkövek[[#This Row],[Feladat Függöség Tipusa]]<>""),_xlfn.IFS(Mérföldkövek[[#This Row],[Feladat Függöség Tipusa]]="FF",_xlfn.XLOOKUP(Mérföldkövek[[#This Row],[Szülő feladat ID]],Mérföldkövek[Feladat ID],Mérföldkövek[Befejezés]),Mérföldkövek[[#This Row],[Feladat Függöség Tipusa]]="SF",_xlfn.XLOOKUP(Mérföldkövek[[#This Row],[Szülő feladat ID]],Mérföldkövek[Feladat ID],Mérföldkövek[Kezdés]),TRUE,0),0)} -> 0 | AK18: =IF(OR(Mérföldkövek[[#This Row],[Kezdés]]=0,Mérföldkövek[[#This Row],[Napok száma]]=0),0,Mérföldkövek[[#This Row],[Kezdés]]+Mérföldkövek[[#This Row],[Napok száma]]-1+Mérföldkövek[[#This Row],[Nem munkanap]]) -> 45833 | AL18: {=_xlfn.IFS(Mérföldkövek[[#This Row],[Fixbefejezés]]<>0,Mérföldkövek[[#This Row],[Fixbefejezés]],Mérföldkövek[[#This Row],[Függöbefejezés]]<>0,Mérföldkövek[[#This Row],[Függöbefejezés]],Mérföldkövek[[#This Row],[Kalkulált befejezés]]<>0,Mérföldkövek[[#This Row],[Kalkulált befejezés]],TRUE,0)} -> 45833 | AM18: =IF(OR(WEEKDAY(Mérföldkövek[[#This Row],[Kalkulált befejezés2]],2)>5), WORKDAY(Mérföldkövek[[#This Row],[Kalkulált befejezés2]],1), Mérföldkövek[[#This Row],[Kalkulált befejezés2]]) -> 45833
A19: =IFERROR(Folyamat[[#This Row],[DSMR]],"") -> ProjektSzám | B19: =IFERROR(Folyamat[[#This Row],[Feladat Rövidnév]],"") -> GyV-BF.02 | C19: =IFERROR(Mérföldkövek[[#This Row],[Projekt azonosító]] & "-" & Mérföldkövek[[#This Row],[Feladat Rövidnév]],"") -> ProjektSzám-GyV-BF.02 | D19: =IFERROR(Folyamat[[#This Row],[Feladat leírás]],"") -> CNC kontúr+ minta | E19: =IFERROR(Folyamat[[#This Row],[Feladat Tipus]],"") -> Folyamat | F19: =IFERROR(Folyamat[[#This Row],[Kockázat]],"") -> Terv szerint | G19: =IFERROR(Folyamat[[#This Row],[Részleg 02]],"") -> Gyártásvezetés | H19: =IFERROR(Folyamat[[#This Row],[Részleg 01]],"") -> CNC | I19: =IFERROR(Folyamat[[#This Row],[Felelős]],"") -> Dancsik János | J19: =IFERROR(Folyamat[[#This Row],[Támogató]],"") -> 0 | M19: =IFERROR(Folyamat[[#This Row],[Volumen]],"") -> 70 | N19: =IFERROR(Folyamat[[#This Row],[Egység idő]],"") -> 0.0094212963 | O19: =IFERROR(Folyamat[[#This Row],[Humánerő]],"") -> 1 | P19: =IFERROR(IF(Folyamat[[#This Row],[Ősszefoglaló feladat ID]]=0,"",Folyamat[[#This Row],[Ősszefoglaló feladat ID]]),"") -> ProjektSzám-GyV-BF.00 | Q19: =IFERROR(IF(Folyamat[[#This Row],[Szülő feladat ID]]=0,"",Folyamat[[#This Row],[Szülő feladat ID]]),"") -> ProjektSzám-GyV-BF.01 | R19: =IFERROR(IF(Folyamat[[#This Row],[Feladat Függöség Tipusa]]=0,"",Folyamat[[#This Row],[Feladat Függöség Tipusa]]),"") -> FS | S19: =IFERROR(Folyamat[[#This Row],[Feladat Késleltetés]],"") -> 0 | U19: =IFERROR(Folyamat[[#This Row],[Feladat Elinditása Részleges készültség esetén]],"") -> 1 | V19: =IF(Mérföldkövek[[#This Row],[Szülő feladat ID]]<>"",IF(AND(Mérföldkövek[[#This Row],[Feladat Elinditása Részleges készültség esetén]]<=_xlfn.XLOOKUP(Mérföldkövek[[#This Row],[Szülő feladat ID]],Mérföldkövek[Feladat ID],Mérföldkövek[Készültség]),TODAY()<_xlfn.XLOOKUP(Mérföldkövek[[#This Row],[Szülő feladat ID]],Mérföldkövek[Feladat ID],Mérföldkövek[Befejezés])),TODAY(),0),0) -> 0 | W19: {=IF(AND(Mérföldkövek[[#This Row],[Szülő feladat ID]]<>"",Mérföldkövek[[#This Row],[Feladat Függöség Tipusa]]<>""),_xlfn.IFS(Mérföldkövek[[#This Row],[Feladat Függöség Tipusa]]="FS",_xlfn.XLOOKUP(Mérföldkövek[[#This Row],[Szülő feladat ID]],Mérföldkövek[Feladat ID],Mérföldkövek[Befejezés]+1),Mérföldkövek[[#This Row],[Feladat Függöség Tipusa]]="SS",_xlfn.XLOOKUP(Mérföldkövek[[#This Row],[Szülő feladat ID]],Mérföldkövek[Feladat ID],Mérföldkövek[Kezdés]),TRUE,0),0)} -> 45834 | X19: =Mérföldkövek[[#This Row],[Függökezdés Kalkulált]]+Mérföldkövek[[#This Row],[Feladat Késleltetés]] -> 45834 | Y19: =IF(Mérföldkövek[[#This Row],[Feladat Késleltetés]] = 0,0,IF(Mérföldkövek[[#This Row],[Feladat Késleltetés]]>(NETWORKDAYS(Mérföldkövek[[#This Row],[Függökezdés Kalkulált]],Mérföldkövek[[#This Row],[Függökezdés késleltetett]])-1),Mérföldkövek[[#This Row],[Feladat Késleltetés]]-(NETWORKDAYS(Mérföldkövek[[#This Row],[Függökezdés Kalkulált]],Mérföldkövek[[#This Row],[Függökezdés késleltetett]])-1))) -> 0 | Z19: =IF(OR(WEEKDAY(Mérföldkövek[[#This Row],[Függökezdés Kalkulált]],2)>5), WORKDAY(Mérföldkövek[[#This Row],[Függökezdés Kalkulált]],1), Mérföldkövek[[#This Row],[Függökezdés Kalkulált]]) + Mérföldkövek[[#This Row],[Függökezdés késleltetett plusz]] -> 45834 | AA19: {=_xlfn.IFS(Mérföldkövek[[#This Row],[Fix kexdés]]<>0,Mérföldkövek[[#This Row],[Fix kexdés]],Mérföldkövek[[#This Row],[Részleges Kezdés]]<>0,Mérföldkövek[[#This Row],[Részleges Kezdés]],Mérföldkövek[[#This Row],[Függökezdés]]<>0,Mérföldkövek[[#This Row],[Függökezdés]],TRUE,0)} -> 45834 | AB19: =IF(Mérföldkövek[[#This Row],[Volumen]]<=0,0,IF(OR(WEEKDAY(Mérföldkövek[[#This Row],[Kalkulált kezdés]],2)>5), WORKDAY(Mérföldkövek[[#This Row],[Kalkulált kezdés]],1), Mérföldkövek[[#This Row],[Kalkulált kezdés]])) -> 45834 | AD19: =IF(AND(Mérföldkövek[[#This Row],[Volumen]]<>0,Mérföldkövek[[#This Row],[Volumen]]<>"",Mérföldkövek[[#This Row],[Egység idő]]<>0,Mérföldkövek[[#This Row],[Egység idő]]<>""),Mérföldkövek[[#This Row],[Volumen]]*Mérföldkövek[[#This Row],[Egység idő]],0) -> 0.65949074 | AE19: =IF(AND(Mérföldkövek[[#This Row],[Volumen]]<>0,Mérföldkövek[[#This Row],[Volumen]]<>"",Mérföldkövek[[#This Row],[Egység idő]]<>0,Mérföldkövek[[#This Row],[Egység idő]]<>""),Mérföldkövek[[#This Row],[Volumen]]*Mérföldkövek[[#This Row],[Egység idő]]*Mérföldkövek[[#This Row],[Humánerő]],0) -> 0.65949074 | AF19: =IFERROR(Folyamat[[#This Row],[Extra nap]],"") -> 0 | AG19: =ROUNDUP((Mérföldkövek[[#This Row],[Tervezettidő]]*24)/8,0)+Mérföldkövek[[#This Row],[Extra nap]] -> 2 | AH19: =IF(OR(Mérföldkövek[[#This Row],[Kezdés]]<4000,Mérföldkövek[[#This Row],[Napok száma]]=""),0,ROUNDUP((Mérföldkövek[[#This Row],[Napok száma]]-NETWORKDAYS(Mérföldkövek[[#This Row],[Kezdés]],Mérföldkövek[[#This Row],[Kezdés]]+Mérföldkövek[[#This Row],[Napok száma]]-1,0))/2,0)*2) -> 0 | AJ19: {=IF(AND(Mérföldkövek[[#This Row],[Szülő feladat ID]]<>"",Mérföldkövek[[#This Row],[Feladat Függöség Tipusa]]<>""),_xlfn.IFS(Mérföldkövek[[#This Row],[Feladat Függöség Tipusa]]="FF",_xlfn.XLOOKUP(Mérföldkövek[[#This Row],[Szülő feladat ID]],Mérföldkövek[Feladat ID],Mérföldkövek[Befejezés]),Mérföldkövek[[#This Row],[Feladat Függöség Tipusa]]="SF",_xlfn.XLOOKUP(Mérföldkövek[[#This Row],[Szülő feladat ID]],Mérföldkövek[Feladat ID],Mérföldkövek[Kezdés]),TRUE,0),0)} -> 0 | AK19: =IF(OR(Mérföldkövek[[#This Row],[Kezdés]]=0,Mérföldkövek[[#This Row],[Napok száma]]=0),0,Mérföldkövek[[#This Row],[Kezdés]]+Mérföldkövek[[#This Row],[Napok száma]]-1+Mérföldkövek[[#This Row],[Nem munkanap]]) -> 45835 | AL19: {=_xlfn.IFS(Mérföldkövek[[#This Row],[Fixbefejezés]]<>0,Mérföldkövek[[#This Row],[Fixbefejezés]],Mérföldkövek[[#This Row],[Függöbefejezés]]<>0,Mérföldkövek[[#This Row],[Függöbefejezés]],Mérföldkövek[[#This Row],[Kalkulált befejezés]]<>0,Mérföldkövek[[#This Row],[Kalkulált befejezés]],TRUE,0)} -> 45835 | AM19: =IF(OR(WEEKDAY(Mérföldkövek[[#This Row],[Kalkulált befejezés2]],2)>5), WORKDAY(Mérföldkövek[[#This Row],[Kalkulált befejezés2]],1), Mérföldkövek[[#This Row],[Kalkulált befejezés2]]) -> 45835
